block_size,call_idx,ckdsl_compile_backend,ckdsl_kernel_name,ckdsl_latency_ms,ckdsl_policy,ckdsl_tflops,dtype,head_size,iterations,max_seqlen_k,max_seqlen_q,num_seqs,shape_signature,sliding_window,speedup_triton_over_ckdsl,total_q,triton_kernel_name,triton_latency_ms,triton_tflops,warmup
32,0,llvm,ck_dsl_uattn2d_tiled_d64_b32_t64_h64kv8_bf16_sinks_sw128_w4_mw32_mfma32_stqk,0.018763020038604736,R4_fallback,111.77049300619674,torch.bfloat16,64,100,1000,1000,1,d64_b32_h64kv8_q1000_k1000_ns1_tq1000_sw128_sc0_sinks1_bfloat16,128,1.5227127667212088,1000,unified_attention_2d,0.028570690155029298,73.40221704902844,10
32,0,llvm,ck_dsl_uattn2d_tiled_d64_b32_t64_h64kv8_bf16_sinks_w4_mw32_mfma32_stqk_s1_mask1_hlpv_skipqreg_mlim_fastkvdesc,0.041514291763305664,R4_s1mask_hlpv_combo,197.5269636479291,torch.bfloat16,64,100,1000,1000,1,d64_b32_h64kv8_q1000_k1000_ns1_tq1000_sw0_sc0_sinks1_bfloat16,0,0.8344779419855647,1000,unified_attention_2d,0.03464276075363159,236.7072318028342,10
32,102,llvm,ck_dsl_uattn2d_tiled_d64_b32_t64_h64kv8_bf16_sinks_sw128_w4_mw32_mfma32_stqk,0.16539514541625977,R4_fallback,103.8716652823298,torch.bfloat16,64,100,1002,1000,10,d64_b32_h64kv8_q1000_k1002_ns10_tq8192_sw128_sc0_sinks1_bfloat16,128,0.644644696302322,8192,unified_attention_2d,0.10662110328674317,161.1301014002551,10
32,3570,llvm,ck_dsl_uattn2d_tiled_d64_b32_t64_h64kv8_bf16_sinks_w4_mw32_mfma32_stqk_s1_mask1_hlpv_skipqreg_mlim_fastkvdesc,0.29501895904541015,R4_s1mask_hlpv_combo,267.93815719427334,torch.bfloat16,64,100,1002,1000,10,d64_b32_h64kv8_q1000_k1002_ns10_tq8192_sw0_sc0_sinks1_bfloat16,0,0.705532119303132,8192,unified_attention_2d,0.2081453514099121,379.767483100445,10
32,103,llvm,ck_dsl_uattn2d_tiled_d64_b32_t64_h64kv8_bf16_sinks_sw128_w4_mw32_mfma32_stqk,0.15633256912231444,R4_fallback,109.89309061094292,torch.bfloat16,64,100,1003,1000,18,d64_b32_h64kv8_q1000_k1003_ns18_tq8192_sw128_sc0_sinks1_bfloat16,128,0.6134832435350022,8192,unified_attention_2d,0.09590741157531739,179.12973462440297,10
32,3605,llvm,ck_dsl_uattn2d_tiled_d64_b32_t64_h64kv8_bf16_sinks_w4_mw32_mfma32_stqk_s1_mask1_hlpv_skipqreg_mlim_fastkvdesc,0.3549749755859375,R4_s1mask_hlpv_combo,281.5772734261431,torch.bfloat16,64,100,1003,1000,18,d64_b32_h64kv8_q1000_k1003_ns18_tq8192_sw0_sc0_sinks1_bfloat16,0,0.6441119059614059,8192,unified_attention_2d,0.22864360809326173,437.15582776855973,10
32,104,llvm,ck_dsl_uattn2d_tiled_d64_b32_t64_h64kv8_bf16_sinks_sw128_w4_mw32_mfma32_stqk,0.15625975608825685,R4_fallback,109.9442979694443,torch.bfloat16,64,100,1004,1000,26,d64_b32_h64kv8_q1000_k1004_ns26_tq8192_sw128_sc0_sinks1_bfloat16,128,0.6134925779475561,8192,unified_attention_2d,0.09586420059204101,179.21047771639513,10
32,3640,llvm,ck_dsl_uattn2d_tiled_d64_b32_t64_h64kv8_bf16_sinks_w4_mw32_mfma32_stqk_s1_mask1_hlpv_skipqreg_mlim_fastkvdesc,0.37641910552978514,R4_s1mask_hlpv_combo,287.4047787126459,torch.bfloat16,64,100,1004,1000,26,d64_b32_h64kv8_q1000_k1004_ns26_tq8192_sw0_sc0_sinks1_bfloat16,0,0.6437550525198577,8192,unified_attention_2d,0.2423217010498047,446.45052118450036,10
32,105,llvm,ck_dsl_uattn2d_tiled_d64_b32_t64_h64kv8_bf16_sinks_sw128_w4_mw32_mfma32_stqk,0.17049392700195312,R4_fallback,100.76528522803744,torch.bfloat16,64,100,1005,1000,34,d64_b32_h64kv8_q1000_k1005_ns34_tq8192_sw128_sc0_sinks1_bfloat16,128,0.6072208638482695,8192,unified_attention_2d,0.10352746963500976,165.9450312517858,10
32,3675,llvm,ck_dsl_uattn2d_tiled_d64_b32_t64_h64kv8_bf16_sinks_w4_mw32_mfma32_stqk_s1_mask1_hlpv_skipqreg_mlim_fastkvdesc,0.3935548400878906,R4_s1mask_hlpv_combo,286.1846404299006,torch.bfloat16,64,100,1005,1000,34,d64_b32_h64kv8_q1000_k1005_ns34_tq8192_sw0_sc0_sinks1_bfloat16,0,0.6603345861761065,8192,unified_attention_2d,0.259877872467041,433.3933833257935,10
32,106,llvm,ck_dsl_uattn2d_tiled_d64_b32_t64_h64kv8_bf16_sinks_sw128_w4_mw32_mfma32_stqk,0.1624571228027344,R4_fallback,105.75017510842459,torch.bfloat16,64,100,1006,1000,42,d64_b32_h64kv8_q1000_k1006_ns42_tq8192_sw128_sc0_sinks1_bfloat16,128,0.616700726228281,8192,unified_attention_2d,0.10018742561340332,171.4772994596403,10
32,3710,llvm,ck_dsl_uattn2d_tiled_d64_b32_t64_h64kv8_bf16_sinks_w4_mw32_mfma32_stqk_s1_mask1_hlpv_skipqreg_mlim_fastkvdesc,0.4053207015991211,R4_s1mask_hlpv_combo,284.81585531788767,torch.bfloat16,64,100,1006,1000,42,d64_b32_h64kv8_q1000_k1006_ns42_tq8192_sw0_sc0_sinks1_bfloat16,0,0.6581879240551671,8192,unified_attention_2d,0.26677719116210935,432.7272575332381,10
32,107,llvm,ck_dsl_uattn2d_tiled_d64_b32_t64_h64kv8_bf16_sinks_sw128_w4_mw32_mfma32_stqk,0.15300082206726073,R4_fallback,112.28612338074598,torch.bfloat16,64,100,1007,1000,51,d64_b32_h64kv8_q1000_k1007_ns51_tq8192_sw128_sc0_sinks1_bfloat16,128,0.6208607718400063,8192,unified_attention_2d,0.09499220848083496,180.85556130075767,10
32,3745,llvm,ck_dsl_uattn2d_tiled_d64_b32_t64_h64kv8_bf16_sinks_w4_mw32_mfma32_stqk_s1_mask1_hlpv_skipqreg_mlim_fastkvdesc,0.4078554153442383,R4_s1mask_hlpv_combo,288.354691803558,torch.bfloat16,64,100,1007,1000,51,d64_b32_h64kv8_q1000_k1007_ns51_tq8192_sw0_sc0_sinks1_bfloat16,0,0.6615384291624753,8192,unified_attention_2d,0.2698120307922363,435.8850205703432,10
32,108,llvm,ck_dsl_uattn2d_tiled_d64_b32_t64_h64kv8_bf16_sinks_sw128_w4_mw32_mfma32_stqk,0.1585141372680664,R4_fallback,108.38067493593194,torch.bfloat16,64,100,1008,1000,59,d64_b32_h64kv8_q1000_k1008_ns59_tq8192_sw128_sc0_sinks1_bfloat16,128,0.6169886770149251,8192,unified_attention_2d,0.09780142784118652,175.6607195131884,10
32,3780,llvm,ck_dsl_uattn2d_tiled_d64_b32_t64_h64kv8_bf16_sinks_w4_mw32_mfma32_stqk_s1_mask1_hlpv_skipqreg_mlim_fastkvdesc,0.4110049057006836,R4_s1mask_hlpv_combo,289.56365243647764,torch.bfloat16,64,100,1008,1000,59,d64_b32_h64kv8_q1000_k1008_ns59_tq8192_sw0_sc0_sinks1_bfloat16,0,0.6725020783354976,8192,unified_attention_2d,0.27640165328979494,430.5765911581617,10
32,109,llvm,ck_dsl_uattn2d_tiled_d64_b32_t64_h64kv8_bf16_sinks_sw128_w4_mw32_mfma32_stqk,0.11852732658386231,R4_fallback,104.21415580701857,torch.bfloat16,64,100,1009,1000,64,d64_b32_h64kv8_q1000_k1009_ns64_tq5890_sw128_sc0_sinks1_bfloat16,128,0.6606072289870105,5890,unified_attention_2d,0.0783000087738037,157.75509445578246,10
32,3815,llvm,ck_dsl_uattn2d_tiled_d64_b32_t64_h64kv8_bf16_sinks_w4_mw32_mfma32_stqk_s1_mask1_hlpv_skipqreg_mlim_fastkvdesc,0.30549528121948244,R4_s1mask_hlpv_combo,280.0372401252795,torch.bfloat16,64,100,1009,1000,64,d64_b32_h64kv8_q1000_k1009_ns64_tq5890_sw0_sc0_sinks1_bfloat16,0,1.1048254418140109,5890,unified_attention_2d,0.3375189590454102,253.467407181977,10
32,209,llvm,ck_dsl_uattn2d_tiled_d64_b32_t64_h64kv8_bf16_sinks_sw128_w4_mw32_mfma32_stqk,0.03765213966369629,R4_fallback,111.39616599383048,torch.bfloat16,64,100,1000,1000,2,d64_b32_h64kv8_q1000_k1000_ns2_tq2000_sw128_sc0_sinks1_bfloat16,128,0.7778232284638257,2000,unified_attention_2d,0.02928670883178711,143.21527297896992,10
32,7315,llvm,ck_dsl_uattn2d_tiled_d64_b32_t64_h64kv8_bf16_sinks_w4_mw32_mfma32_stqk_s1_mask1_hlpv_skipqreg_mlim_fastkvdesc,0.08371746063232421,R4_s1mask_hlpv_combo,195.901594197037,torch.bfloat16,64,100,1000,1000,2,d64_b32_h64kv8_q1000_k1000_ns2_tq2000_sw0_sc0_sinks1_bfloat16,0,0.696072364796731,2000,unified_attention_2d,0.05827341079711914,281.43854591073267,10
32,210,llvm,ck_dsl_uattn2d_tiled_d64_b32_t64_h64kv8_bf16_sinks_sw128_w4_mw32_mfma32_stqk,0.1492934226989746,R4_fallback,115.07452152557552,torch.bfloat16,64,100,1001,1000,11,d64_b32_h64kv8_q1000_k1001_ns11_tq8192_sw128_sc0_sinks1_bfloat16,128,0.6218370377941237,8192,unified_attention_2d,0.09283617973327636,185.05575340733262,10
32,7350,llvm,ck_dsl_uattn2d_tiled_d64_b32_t64_h64kv8_bf16_sinks_w4_mw32_mfma32_stqk_s1_mask1_hlpv_skipqreg_mlim_fastkvdesc,0.3057476806640625,R4_s1mask_hlpv_combo,272.6950067942085,torch.bfloat16,64,100,1001,1000,11,d64_b32_h64kv8_q1000_k1001_ns11_tq8192_sw0_sc0_sinks1_bfloat16,0,0.646903640078493,8192,unified_attention_2d,0.19778928756713868,421.5388349973122,10
32,218,llvm,ck_dsl_uattn2d_tiled_d64_b32_t64_h64kv8_bf16_sinks_sw128_w4_mw32_mfma32_stqk,0.1597857093811035,R4_fallback,107.51818326271245,torch.bfloat16,64,100,1009,1000,76,d64_b32_h64kv8_q1000_k1009_ns76_tq8192_sw128_sc0_sinks1_bfloat16,128,0.6256995480564134,8192,unified_attention_2d,0.09997784614562988,171.83676030563245,10
32,7630,llvm,ck_dsl_uattn2d_tiled_d64_b32_t64_h64kv8_bf16_sinks_w4_mw32_mfma32_stqk_s1_mask1_hlpv_skipqreg_mlim_fastkvdesc,0.4289963912963867,R4_s1mask_hlpv_combo,281.9840733914791,torch.bfloat16,64,100,1009,1000,76,d64_b32_h64kv8_q1000_k1009_ns76_tq8192_sw0_sc0_sinks1_bfloat16,0,0.6995927309576314,8192,unified_attention_2d,0.30012275695800783,403.06890125271553,10
32,219,llvm,ck_dsl_uattn2d_tiled_d64_b32_t64_h64kv8_bf16_sinks_sw128_w4_mw32_mfma32_stqk,0.28374900817871096,R4_fallback,60.546006113895444,torch.bfloat16,64,100,1010,1000,84,d64_b32_h64kv8_q1000_k1010_ns84_tq8192_sw128_sc0_sinks1_bfloat16,128,0.3604744895009753,8192,unified_attention_2d,0.1022842788696289,167.96197200448944,10
32,7665,llvm,ck_dsl_uattn2d_tiled_d64_b32_t64_h64kv8_bf16_sinks_w4_mw32_mfma32_stqk_s1_mask1_hlpv_skipqreg_mlim_fastkvdesc,0.45280479431152343,R4_s1mask_hlpv_combo,268.781884558113,torch.bfloat16,64,100,1010,1000,84,d64_b32_h64kv8_q1000_k1010_ns84_tq8192_sw0_sc0_sinks1_bfloat16,0,0.7095034324329744,8192,unified_attention_2d,0.32126655578613283,378.8309855477752,10
32,220,llvm,ck_dsl_uattn2d_tiled_d64_b32_t64_h64kv8_bf16_sinks_sw128_w4_mw32_mfma32_stqk,0.16136241912841798,R4_fallback,106.46759807392108,torch.bfloat16,64,100,1011,1000,92,d64_b32_h64kv8_q1000_k1011_ns92_tq8192_sw128_sc0_sinks1_bfloat16,128,0.6306862924256369,8192,unified_attention_2d,0.1017690658569336,168.81229123348118,10
32,7700,llvm,ck_dsl_uattn2d_tiled_d64_b32_t64_h64kv8_bf16_sinks_w4_mw32_mfma32_stqk_s1_mask1_hlpv_skipqreg_mlim_fastkvdesc,0.43530414581298826,R4_s1mask_hlpv_combo,281.0349020580126,torch.bfloat16,64,100,1011,1000,92,d64_b32_h64kv8_q1000_k1011_ns92_tq8192_sw0_sc0_sinks1_bfloat16,0,0.7366099748870346,8192,unified_attention_2d,0.32064937591552733,381.5247032204685,10
32,221,llvm,ck_dsl_uattn2d_tiled_d64_b32_t64_h64kv8_bf16_sinks_sw128_w4_mw32_mfma32_stqk,0.17030759811401366,R4_fallback,100.87552977230536,torch.bfloat16,64,100,1012,1000,100,d64_b32_h64kv8_q1000_k1012_ns100_tq8192_sw128_sc0_sinks1_bfloat16,128,0.6284036898549819,8192,unified_attention_2d,0.10702192306518554,160.52663502912375,10
32,7735,llvm,ck_dsl_uattn2d_tiled_d64_b32_t64_h64kv8_bf16_sinks_w4_mw32_mfma32_stqk_s1_mask1_hlpv_skipqreg_mlim_fastkvdesc,0.46500667572021487,R4_s1mask_hlpv_combo,264.2676596624564,torch.bfloat16,64,100,1012,1000,100,d64_b32_h64kv8_q1000_k1012_ns100_tq8192_sw0_sc0_sinks1_bfloat16,0,0.7398723907742748,8192,unified_attention_2d,0.3440456008911133,357.1800528816881,10
32,222,llvm,ck_dsl_uattn2d_tiled_d64_b32_t64_h64kv8_bf16_sinks_sw128_w4_mw32_mfma32_stqk,0.16071487426757813,R4_fallback,106.89657234461582,torch.bfloat16,64,100,1013,1000,108,d64_b32_h64kv8_q1000_k1013_ns108_tq8192_sw128_sc0_sinks1_bfloat16,128,0.6299694472690055,8192,unified_attention_2d,0.1012454605102539,169.68532808698185,10
32,7770,llvm,ck_dsl_uattn2d_tiled_d64_b32_t64_h64kv8_bf16_sinks_w4_mw32_mfma32_stqk_s1_mask1_hlpv_skipqreg_mlim_fastkvdesc,0.43218143463134767,R4_s1mask_hlpv_combo,285.4729463916937,torch.bfloat16,64,100,1013,1000,108,d64_b32_h64kv8_q1000_k1013_ns108_tq8192_sw0_sc0_sinks1_bfloat16,0,0.7569484182581265,8192,unified_attention_2d,0.32713905334472654,377.13659148481736,10
32,223,llvm,ck_dsl_uattn2d_tiled_d64_b32_t64_h64kv8_bf16_sinks_sw128_w4_mw32_mfma32_stqk,0.1608768653869629,R4_fallback,106.78893539277163,torch.bfloat16,64,100,1014,1000,116,d64_b32_h64kv8_q1000_k1014_ns116_tq8192_sw128_sc0_sinks1_bfloat16,128,0.635687830847792,8192,unified_attention_2d,0.10226746559143067,167.98958578513515,10
32,7805,llvm,ck_dsl_uattn2d_tiled_d64_b32_t64_h64kv8_bf16_sinks_w4_mw32_mfma32_stqk_s1_mask1_hlpv_skipqreg_mlim_fastkvdesc,0.45989566802978515,R4_s1mask_hlpv_combo,269.22891986010393,torch.bfloat16,64,100,1014,1000,116,d64_b32_h64kv8_q1000_k1014_ns116_tq8192_sw0_sc0_sinks1_bfloat16,0,0.7757441197409831,8192,unified_attention_2d,0.35676136016845705,347.05892446854523,10
32,224,llvm,ck_dsl_uattn2d_tiled_d64_b32_t64_h64kv8_bf16_sinks_sw128_w4_mw32_mfma32_stqk,0.1741073989868164,R4_fallback,98.67397528177925,torch.bfloat16,64,100,1015,1000,125,d64_b32_h64kv8_q1000_k1015_ns125_tq8192_sw128_sc0_sinks1_bfloat16,128,0.6286760911903957,8192,unified_attention_2d,0.10945715904235839,156.95518990540975,10
32,7840,llvm,ck_dsl_uattn2d_tiled_d64_b32_t64_h64kv8_bf16_sinks_w4_mw32_mfma32_stqk_s1_mask1_hlpv_skipqreg_mlim_fastkvdesc,0.4857264709472656,R4_s1mask_hlpv_combo,255.8087082997169,torch.bfloat16,64,100,1015,1000,125,d64_b32_h64kv8_q1000_k1015_ns125_tq8192_sw0_sc0_sinks1_bfloat16,0,0.7844720831525699,8192,unified_attention_2d,0.38103885650634767,326.0902634950304,10
32,225,llvm,ck_dsl_uattn2d_tiled_d64_b32_t64_h64kv8_bf16_sinks_sw128_w4_mw32_mfma32_stqk,0.1597389316558838,R4_fallback,107.54966873704642,torch.bfloat16,64,100,1016,1000,133,d64_b32_h64kv8_q1000_k1016_ns133_tq8192_sw128_sc0_sinks1_bfloat16,128,0.6275230314126564,8192,unified_attention_2d,0.10023985862731934,171.3876038859237,10
32,7875,llvm,ck_dsl_uattn2d_tiled_d64_b32_t64_h64kv8_bf16_sinks_w4_mw32_mfma32_stqk_s1_mask1_hlpv_skipqreg_mlim_fastkvdesc,0.4219823837280273,R4_s1mask_hlpv_combo,295.3156414612743,torch.bfloat16,64,100,1016,1000,133,d64_b32_h64kv8_q1000_k1016_ns133_tq8192_sw0_sc0_sinks1_bfloat16,0,0.8253846157323056,8192,unified_attention_2d,0.34829776763916015,357.7915505479365,10
32,226,llvm,ck_dsl_uattn2d_tiled_d64_b32_t64_h64kv8_bf16_sinks_sw128_w4_mw32_mfma32_stqk,0.1551579475402832,R4_fallback,110.72503507781734,torch.bfloat16,64,100,1017,1000,141,d64_b32_h64kv8_q1000_k1017_ns141_tq8192_sw128_sc0_sinks1_bfloat16,128,0.6438359776489614,8192,unified_attention_2d,0.0998962688446045,171.97708565796853,10
32,7910,llvm,ck_dsl_uattn2d_tiled_d64_b32_t64_h64kv8_bf16_sinks_w4_mw32_mfma32_stqk_s1_mask1_hlpv_skipqreg_mlim_fastkvdesc,0.4462340545654297,R4_s1mask_hlpv_combo,280.026499209459,torch.bfloat16,64,100,1017,1000,141,d64_b32_h64kv8_q1000_k1017_ns141_tq8192_sw0_sc0_sinks1_bfloat16,0,0.8268692171611005,8192,unified_attention_2d,0.36897720336914064,338.6587544894672,10
32,227,llvm,ck_dsl_uattn2d_tiled_d64_b32_t64_h64kv8_bf16_sinks_sw128_w4_mw32_mfma32_stqk,0.16245241165161134,R4_fallback,105.75324188380306,torch.bfloat16,64,100,1018,1000,149,d64_b32_h64kv8_q1000_k1018_ns149_tq8192_sw128_sc0_sinks1_bfloat16,128,0.6438680150777516,8192,unified_attention_2d,0.1045979118347168,164.2467701568195,10
32,7945,llvm,ck_dsl_uattn2d_tiled_d64_b32_t64_h64kv8_bf16_sinks_w4_mw32_mfma32_stqk_s1_mask1_hlpv_skipqreg_mlim_fastkvdesc,0.46590023040771483,R4_s1mask_hlpv_combo,268.8844816461494,torch.bfloat16,64,100,1018,1000,149,d64_b32_h64kv8_q1000_k1018_ns149_tq8192_sw0_sc0_sinks1_bfloat16,0,0.829527248789127,8192,unified_attention_2d,0.38647693634033203,324.14183143307713,10
32,228,llvm,ck_dsl_uattn2d_tiled_d64_b32_t64_h64kv8_bf16_sinks_sw128_w4_mw32_mfma32_stqk,0.16883407592773436,R4_fallback,101.75593457421152,torch.bfloat16,64,100,1019,1000,157,d64_b32_h64kv8_q1000_k1019_ns157_tq8192_sw128_sc0_sinks1_bfloat16,128,0.6436636726132,8192,unified_attention_2d,0.10867236137390136,158.08867099970738,10
32,7980,llvm,ck_dsl_uattn2d_tiled_d64_b32_t64_h64kv8_bf16_sinks_w4_mw32_mfma32_stqk_s1_mask1_hlpv_skipqreg_mlim_fastkvdesc,0.4868980026245117,R4_s1mask_hlpv_combo,257.9143249450621,torch.bfloat16,64,100,1019,1000,157,d64_b32_h64kv8_q1000_k1019_ns157_tq8192_sw0_sc0_sinks1_bfloat16,0,0.8316005991661221,8192,unified_attention_2d,0.40490467071533204,310.1420624319928,10
32,229,llvm,ck_dsl_uattn2d_tiled_d64_b32_t64_h64kv8_bf16_sinks_sw128_w4_mw32_mfma32_stqk,0.25535823822021486,R4_fallback,67.27752080269481,torch.bfloat16,64,100,1020,1000,165,d64_b32_h64kv8_q1000_k1020_ns165_tq8192_sw128_sc0_sinks1_bfloat16,128,0.44511584369612295,8192,unified_attention_2d,0.11366399765014648,151.14609321483653,10
32,8015,llvm,ck_dsl_uattn2d_tiled_d64_b32_t64_h64kv8_bf16_sinks_w4_mw32_mfma32_stqk_s1_mask1_hlpv_skipqreg_mlim_fastkvdesc,0.5069838714599609,R4_s1mask_hlpv_combo,248.24188100023093,torch.bfloat16,64,100,1020,1000,165,d64_b32_h64kv8_q1000_k1020_ns165_tq8192_sw0_sc0_sinks1_bfloat16,0,0.8451845025363652,8192,unified_attention_2d,0.42849491119384764,293.71324279523213,10
32,230,llvm,ck_dsl_uattn2d_tiled_d64_b32_t64_h64kv8_bf16_sinks_sw128_w4_mw32_mfma32_stqk,0.1756269645690918,R4_fallback,97.82022496460915,torch.bfloat16,64,100,1021,1000,173,d64_b32_h64kv8_q1000_k1021_ns173_tq8192_sw128_sc0_sinks1_bfloat16,128,0.6473242410792198,8192,unified_attention_2d,0.11368759155273438,151.1147254450461,10
32,8050,llvm,ck_dsl_uattn2d_tiled_d64_b32_t64_h64kv8_bf16_sinks_w4_mw32_mfma32_stqk_s1_mask1_hlpv_skipqreg_mlim_fastkvdesc,0.5097101211547852,R4_s1mask_hlpv_combo,247.45269629381752,torch.bfloat16,64,100,1021,1000,173,d64_b32_h64kv8_q1000_k1021_ns173_tq8192_sw0_sc0_sinks1_bfloat16,0,0.8426847690926595,8192,unified_attention_2d,0.4295249557495117,293.6479990735518,10
32,231,llvm,ck_dsl_uattn2d_tiled_d64_b32_t64_h64kv8_bf16_sinks_sw128_w4_mw32_mfma32_stqk,0.16330116271972656,R4_fallback,105.20359376427572,torch.bfloat16,64,100,1022,1000,181,d64_b32_h64kv8_q1000_k1022_ns181_tq8192_sw128_sc0_sinks1_bfloat16,128,0.6603550773422612,8192,unified_attention_2d,0.10783675193786621,159.3136743760491,10
32,8085,llvm,ck_dsl_uattn2d_tiled_d64_b32_t64_h64kv8_bf16_sinks_w4_mw32_mfma32_stqk_s1_mask1_hlpv_skipqreg_mlim_fastkvdesc,0.46046855926513675,R4_s1mask_hlpv_combo,274.47735288095095,torch.bfloat16,64,100,1022,1000,181,d64_b32_h64kv8_q1000_k1022_ns181_tq8192_sw0_sc0_sinks1_bfloat16,0,0.8383471929656984,8192,unified_attention_2d,0.3860325241088867,327.402960472704,10
32,232,llvm,ck_dsl_uattn2d_tiled_d64_b32_t64_h64kv8_bf16_sinks_sw128_w4_mw32_mfma32_stqk,0.16195402145385743,R4_fallback,106.07868226905835,torch.bfloat16,64,100,1023,1000,189,d64_b32_h64kv8_q1000_k1023_ns189_tq8192_sw128_sc0_sinks1_bfloat16,128,0.6488379830303773,8192,unified_attention_2d,0.1050819206237793,163.49024724727306,10
32,8120,llvm,ck_dsl_uattn2d_tiled_d64_b32_t64_h64kv8_bf16_sinks_w4_mw32_mfma32_stqk_s1_mask1_hlpv_skipqreg_mlim_fastkvdesc,0.4665706634521484,R4_s1mask_hlpv_combo,271.41511025797195,torch.bfloat16,64,100,1023,1000,189,d64_b32_h64kv8_q1000_k1023_ns189_tq8192_sw0_sc0_sinks1_bfloat16,0,0.8389798109210547,8192,unified_attention_2d,0.3914433670043945,323.5061281868095,10
32,233,llvm,ck_dsl_uattn2d_tiled_d64_b32_t64_h64kv8_bf16_sinks_sw128_w4_mw32_mfma32_stqk,0.16558946609497072,R4_fallback,103.74977097967577,torch.bfloat16,64,100,1024,1000,197,d64_b32_h64kv8_q1000_k1024_ns197_tq8192_sw128_sc0_sinks1_bfloat16,128,0.6473113369947695,8192,unified_attention_2d,0.10718793869018554,160.27800696547064,10
32,8155,llvm,ck_dsl_uattn2d_tiled_d64_b32_t64_h64kv8_bf16_sinks_w4_mw32_mfma32_stqk_s1_mask1_hlpv_skipqreg_mlim_fastkvdesc,0.47537582397460937,R4_s1mask_hlpv_combo,266.8821538193669,torch.bfloat16,64,100,1024,1000,197,d64_b32_h64kv8_q1000_k1024_ns197_tq8192_sw0_sc0_sinks1_bfloat16,0,0.8381263956772483,8192,unified_attention_2d,0.3984250259399414,318.4270954784961,10
32,234,llvm,ck_dsl_uattn2d_tiled_d64_b32_t64_h64kv8_bf16_sinks_sw128_w4_mw32_mfma32_stqk,0.18255943298339844,R4_fallback,94.10562304694659,torch.bfloat16,64,100,1025,1000,205,d64_b32_h64kv8_q1000_k1025_ns205_tq8192_sw128_sc0_sinks1_bfloat16,128,0.642182437376794,8192,unified_attention_2d,0.1172364616394043,146.54032494465596,10
32,8190,llvm,ck_dsl_uattn2d_tiled_d64_b32_t64_h64kv8_bf16_sinks_w4_mw32_mfma32_stqk_s1_mask1_hlpv_skipqreg_mlim_fastkvdesc,0.4949028778076172,R4_s1mask_hlpv_combo,256.80626867844785,torch.bfloat16,64,100,1025,1000,205,d64_b32_h64kv8_q1000_k1025_ns205_tq8192_sw0_sc0_sinks1_bfloat16,0,0.8373926337383153,8192,unified_attention_2d,0.4144280242919922,306.673665771342,10
32,235,llvm,ck_dsl_uattn2d_tiled_d64_b32_t64_h64kv8_bf16_sinks_sw128_w4_mw32_mfma32_stqk,0.18947269439697265,R4_fallback,90.67200547644978,torch.bfloat16,64,100,1026,1000,213,d64_b32_h64kv8_q1000_k1026_ns213_tq8192_sw128_sc0_sinks1_bfloat16,128,0.6497491500253779,8192,unified_attention_2d,0.12310972213745117,139.54924831053384,10
32,8225,llvm,ck_dsl_uattn2d_tiled_d64_b32_t64_h64kv8_bf16_sinks_w4_mw32_mfma32_stqk_s1_mask1_hlpv_skipqreg_mlim_fastkvdesc,0.5163806533813476,R4_s1mask_hlpv_combo,246.568893513467,torch.bfloat16,64,100,1026,1000,213,d64_b32_h64kv8_q1000_k1026_ns213_tq8192_sw0_sc0_sinks1_bfloat16,0,0.8418530815213766,8192,unified_attention_2d,0.4347166442871094,292.8882710364065,10
32,236,llvm,ck_dsl_uattn2d_tiled_d64_b32_t64_h64kv8_bf16_sinks_sw128_w4_mw32_mfma32_stqk,0.19451765060424805,R4_fallback,88.32036131750817,torch.bfloat16,64,100,1027,1000,221,d64_b32_h64kv8_q1000_k1027_ns221_tq8192_sw128_sc0_sinks1_bfloat16,128,0.6524536818637018,8192,unified_attention_2d,0.12691375732421875,135.36648466022203,10
32,8260,llvm,ck_dsl_uattn2d_tiled_d64_b32_t64_h64kv8_bf16_sinks_w4_mw32_mfma32_stqk_s1_mask1_hlpv_skipqreg_mlim_fastkvdesc,0.6558621215820313,R4_s1mask_hlpv_combo,194.46073371085532,torch.bfloat16,64,100,1027,1000,221,d64_b32_h64kv8_q1000_k1027_ns221_tq8192_sw0_sc0_sinks1_bfloat16,0,0.6866284550624927,8192,unified_attention_2d,0.4503335952758789,283.21100338487526,10
32,237,llvm,ck_dsl_uattn2d_tiled_d64_b32_t64_h64kv8_bf16_sinks_sw128_w4_mw32_mfma32_stqk,0.19022865295410157,R4_fallback,90.31167974545436,torch.bfloat16,64,100,1028,1000,229,d64_b32_h64kv8_q1000_k1028_ns229_tq8192_sw128_sc0_sinks1_bfloat16,128,0.6362558229541202,8192,unified_attention_2d,0.12103408813476563,141.9424019196232,10
32,8295,llvm,ck_dsl_uattn2d_tiled_d64_b32_t64_h64kv8_bf16_sinks_w4_mw32_mfma32_stqk_s1_mask1_hlpv_skipqreg_mlim_fastkvdesc,0.5496202087402344,R4_s1mask_hlpv_combo,232.42717163694502,torch.bfloat16,64,100,1028,1000,229,d64_b32_h64kv8_q1000_k1028_ns229_tq8192_sw0_sc0_sinks1_bfloat16,0,0.8374890442535807,8192,unified_attention_2d,0.4603009033203125,277.5286115463131,10
32,238,llvm,ck_dsl_uattn2d_tiled_d64_b32_t64_h64kv8_bf16_sinks_sw128_w4_mw32_mfma32_stqk,0.207677001953125,R4_fallback,82.72398494984864,torch.bfloat16,64,100,1029,1000,237,d64_b32_h64kv8_q1000_k1029_ns237_tq8192_sw128_sc0_sinks1_bfloat16,128,0.6295940323225317,8192,unified_attention_2d,0.13075220108032226,131.39258109656026,10
32,8330,llvm,ck_dsl_uattn2d_tiled_d64_b32_t64_h64kv8_bf16_sinks_w4_mw32_mfma32_stqk_s1_mask1_hlpv_skipqreg_mlim_fastkvdesc,0.5765920639038086,R4_s1mask_hlpv_combo,221.91461646850948,torch.bfloat16,64,100,1029,1000,237,d64_b32_h64kv8_q1000_k1029_ns237_tq8192_sw0_sc0_sinks1_bfloat16,0,0.8424346915964027,8192,unified_attention_2d,0.4857411575317383,263.42055791646493,10
32,239,llvm,ck_dsl_uattn2d_tiled_d64_b32_t64_h64kv8_bf16_sinks_sw128_w4_mw32_mfma32_stqk,0.209820499420166,R4_fallback,81.87888805658247,torch.bfloat16,64,100,1030,1000,245,d64_b32_h64kv8_q1000_k1030_ns245_tq8192_sw128_sc0_sinks1_bfloat16,128,0.6284866958158877,8192,unified_attention_2d,0.13186939239501952,130.27942930484645,10
32,8365,llvm,ck_dsl_uattn2d_tiled_d64_b32_t64_h64kv8_bf16_sinks_w4_mw32_mfma32_stqk_s1_mask1_hlpv_skipqreg_mlim_fastkvdesc,0.584784927368164,R4_s1mask_hlpv_combo,219.15030545121547,torch.bfloat16,64,100,1030,1000,245,d64_b32_h64kv8_q1000_k1030_ns245_tq8192_sw0_sc0_sinks1_bfloat16,0,0.845772863365477,8192,unified_attention_2d,0.4945952224731445,259.1124815463793,10
32,240,llvm,ck_dsl_uattn2d_tiled_d64_b32_t64_h64kv8_bf16_sinks_sw128_w4_mw32_mfma32_stqk,0.17844364166259766,R4_fallback,96.27616329689013,torch.bfloat16,64,100,1031,1000,253,d64_b32_h64kv8_q1000_k1031_ns253_tq8192_sw128_sc0_sinks1_bfloat16,128,0.6434503407910526,8192,unified_attention_2d,0.11481962203979493,149.62485399965598,10
32,8400,llvm,ck_dsl_uattn2d_tiled_d64_b32_t64_h64kv8_bf16_sinks_w4_mw32_mfma32_stqk_s1_mask1_hlpv_skipqreg_mlim_fastkvdesc,0.4827543258666992,R4_s1mask_hlpv_combo,265.87513319029557,torch.bfloat16,64,100,1031,1000,253,d64_b32_h64kv8_q1000_k1031_ns253_tq8192_sw0_sc0_sinks1_bfloat16,0,0.846576344821837,8192,unified_attention_2d,0.4086883926391602,314.0592514975709,10
32,241,llvm,ck_dsl_uattn2d_tiled_d64_b32_t64_h64kv8_bf16_sinks_sw128_w4_mw32_mfma32_stqk,0.1693905258178711,R4_fallback,101.42166511999505,torch.bfloat16,64,100,1032,1000,261,d64_b32_h64kv8_q1000_k1032_ns261_tq8192_sw128_sc0_sinks1_bfloat16,128,0.6530848304155122,8192,unified_attention_2d,0.11062638282775879,155.29631128542297,10
32,8435,llvm,ck_dsl_uattn2d_tiled_d64_b32_t64_h64kv8_bf16_sinks_w4_mw32_mfma32_stqk_s1_mask1_hlpv_skipqreg_mlim_fastkvdesc,0.4507014846801758,R4_s1mask_hlpv_combo,285.210220213091,torch.bfloat16,64,100,1032,1000,261,d64_b32_h64kv8_q1000_k1032_ns261_tq8192_sw0_sc0_sinks1_bfloat16,0,0.8472358855608132,8192,unified_attention_2d,0.381850471496582,336.6361423941587,10
32,242,llvm,ck_dsl_uattn2d_tiled_d64_b32_t64_h64kv8_bf16_sinks_sw128_w4_mw32_mfma32_stqk,0.17572895050048828,R4_fallback,97.76345408693636,torch.bfloat16,64,100,1033,1000,269,d64_b32_h64kv8_q1000_k1033_ns269_tq8192_sw128_sc0_sinks1_bfloat16,128,0.6527280577619773,8192,unified_attention_2d,0.11470321655273437,149.77669938402835,10
32,8470,llvm,ck_dsl_uattn2d_tiled_d64_b32_t64_h64kv8_bf16_sinks_w4_mw32_mfma32_stqk_s1_mask1_hlpv_skipqreg_mlim_fastkvdesc,0.4618701553344727,R4_s1mask_hlpv_combo,278.72169627148827,torch.bfloat16,64,100,1033,1000,269,d64_b32_h64kv8_q1000_k1033_ns269_tq8192_sw0_sc0_sinks1_bfloat16,0,0.8448983778766629,8192,unified_attention_2d,0.3902333450317383,329.88783452508375,10
32,243,llvm,ck_dsl_uattn2d_tiled_d64_b32_t64_h64kv8_bf16_sinks_sw128_w4_mw32_mfma32_stqk,0.1792608070373535,R4_fallback,95.83728572872118,torch.bfloat16,64,100,1034,1000,276,d64_b32_h64kv8_q1000_k1034_ns276_tq8192_sw128_sc0_sinks1_bfloat16,128,0.6563133051279102,8192,unified_attention_2d,0.11765125274658203,146.02368256124757,10
32,8505,llvm,ck_dsl_uattn2d_tiled_d64_b32_t64_h64kv8_bf16_sinks_w4_mw32_mfma32_stqk_s1_mask1_hlpv_skipqreg_mlim_fastkvdesc,0.4692529678344727,R4_s1mask_hlpv_combo,274.71595688548314,torch.bfloat16,64,100,1034,1000,276,d64_b32_h64kv8_q1000_k1034_ns276_tq8192_sw0_sc0_sinks1_bfloat16,0,0.8452204401445877,8192,unified_attention_2d,0.39662220001220705,325.0228506524154,10
32,244,llvm,ck_dsl_uattn2d_tiled_d64_b32_t64_h64kv8_bf16_sinks_sw128_w4_mw32_mfma32_stqk,0.17798166275024413,R4_fallback,96.52606295800231,torch.bfloat16,64,100,1035,1000,284,d64_b32_h64kv8_q1000_k1035_ns284_tq8192_sw128_sc0_sinks1_bfloat16,128,0.654548557472567,8192,unified_attention_2d,0.11649764060974122,147.46967487136786,10
32,8540,llvm,ck_dsl_uattn2d_tiled_d64_b32_t64_h64kv8_bf16_sinks_w4_mw32_mfma32_stqk_s1_mask1_hlpv_skipqreg_mlim_fastkvdesc,0.479091682434082,R4_s1mask_hlpv_combo,269.4550665044408,torch.bfloat16,64,100,1035,1000,284,d64_b32_h64kv8_q1000_k1035_ns284_tq8192_sw0_sc0_sinks1_bfloat16,0,0.8457169028260861,8192,unified_attention_2d,0.40517593383789063,318.6114237565993,10
32,245,llvm,ck_dsl_uattn2d_tiled_d64_b32_t64_h64kv8_bf16_sinks_sw128_w4_mw32_mfma32_stqk,0.1701568603515625,R4_fallback,100.96489291412954,torch.bfloat16,64,100,1036,1000,292,d64_b32_h64kv8_q1000_k1036_ns292_tq8192_sw128_sc0_sinks1_bfloat16,128,0.6458886328174042,8192,unified_attention_2d,0.10990238189697266,156.31935256967557,10
32,8575,llvm,ck_dsl_uattn2d_tiled_d64_b32_t64_h64kv8_bf16_sinks_w4_mw32_mfma32_stqk_s1_mask1_hlpv_skipqreg_mlim_fastkvdesc,0.49279304504394533,R4_s1mask_hlpv_combo,262.3328202622497,torch.bfloat16,64,100,1036,1000,292,d64_b32_h64kv8_q1000_k1036_ns292_tq8192_sw0_sc0_sinks1_bfloat16,0,0.8542184505453282,8192,unified_attention_2d,0.4209529113769531,307.1027324389656,10
32,246,llvm,ck_dsl_uattn2d_tiled_d64_b32_t64_h64kv8_bf16_sinks_sw128_w4_mw32_mfma32_stqk,0.20786340713500975,R4_fallback,82.64980075517317,torch.bfloat16,64,100,1037,1000,300,d64_b32_h64kv8_q1000_k1037_ns300_tq8192_sw128_sc0_sinks1_bfloat16,128,0.6511326497663018,8192,unified_attention_2d,0.1353466510772705,126.93235515810342,10
32,8610,llvm,ck_dsl_uattn2d_tiled_d64_b32_t64_h64kv8_bf16_sinks_w4_mw32_mfma32_stqk_s1_mask1_hlpv_skipqreg_mlim_fastkvdesc,0.5614564895629883,R4_s1mask_hlpv_combo,230.5726979854894,torch.bfloat16,64,100,1037,1000,300,d64_b32_h64kv8_q1000_k1037_ns300_tq8192_sw0_sc0_sinks1_bfloat16,0,0.8916910270212242,8192,unified_attention_2d,0.5006457138061523,258.57913895998115,10
32,247,llvm,ck_dsl_uattn2d_tiled_d64_b32_t64_h64kv8_bf16_sinks_sw128_w4_mw32_mfma32_stqk,0.20760622024536132,R4_fallback,82.75218904181105,torch.bfloat16,64,100,1038,1000,308,d64_b32_h64kv8_q1000_k1038_ns308_tq8192_sw128_sc0_sinks1_bfloat16,128,0.6504575983653887,8192,unified_attention_2d,0.13503904342651368,127.22149645075825,10
32,8645,llvm,ck_dsl_uattn2d_tiled_d64_b32_t64_h64kv8_bf16_sinks_w4_mw32_mfma32_stqk_s1_mask1_hlpv_skipqreg_mlim_fastkvdesc,0.5632655715942383,R4_s1mask_hlpv_combo,230.13829663528824,torch.bfloat16,64,100,1038,1000,308,d64_b32_h64kv8_q1000_k1038_ns308_tq8192_sw0_sc0_sinks1_bfloat16,0,0.8629790495777739,8192,unified_attention_2d,0.48608638763427736,266.6788918547756,10
32,248,llvm,ck_dsl_uattn2d_tiled_d64_b32_t64_h64kv8_bf16_sinks_sw128_w4_mw32_mfma32_stqk,0.20114654541015625,R4_fallback,85.40971533450237,torch.bfloat16,64,100,1039,1000,316,d64_b32_h64kv8_q1000_k1039_ns316_tq8192_sw128_sc0_sinks1_bfloat16,128,0.635382356243277,8192,unified_attention_2d,0.1278049659729004,134.42254808504703,10
32,8680,llvm,ck_dsl_uattn2d_tiled_d64_b32_t64_h64kv8_bf16_sinks_w4_mw32_mfma32_stqk_s1_mask1_hlpv_skipqreg_mlim_fastkvdesc,0.5370472717285156,R4_s1mask_hlpv_combo,241.69526237462478,torch.bfloat16,64,100,1039,1000,316,d64_b32_h64kv8_q1000_k1039_ns316_tq8192_sw0_sc0_sinks1_bfloat16,0,0.8399238917681675,8192,unified_attention_2d,0.4510788345336914,287.7585275801829,10
32,249,llvm,ck_dsl_uattn2d_tiled_d64_b32_t64_h64kv8_bf16_sinks_sw128_w4_mw32_mfma32_stqk,0.20240652084350585,R4_fallback,84.87804203345264,torch.bfloat16,64,100,1040,1000,324,d64_b32_h64kv8_q1000_k1040_ns324_tq8192_sw128_sc0_sinks1_bfloat16,128,0.6405514698503034,8192,unified_attention_2d,0.12965179443359376,132.50776249610138,10
32,8715,llvm,ck_dsl_uattn2d_tiled_d64_b32_t64_h64kv8_bf16_sinks_w4_mw32_mfma32_stqk_s1_mask1_hlpv_skipqreg_mlim_fastkvdesc,0.5477135467529297,R4_s1mask_hlpv_combo,237.31126999974052,torch.bfloat16,64,100,1040,1000,324,d64_b32_h64kv8_q1000_k1040_ns324_tq8192_sw0_sc0_sinks1_bfloat16,0,0.8590670332362862,8192,unified_attention_2d,0.4705226516723633,276.24301808642224,10
32,250,llvm,ck_dsl_uattn2d_tiled_d64_b32_t64_h64kv8_bf16_sinks_sw128_w4_mw32_mfma32_stqk,0.20324644088745117,R4_fallback,84.52728180127615,torch.bfloat16,64,100,1041,1000,332,d64_b32_h64kv8_q1000_k1041_ns332_tq8192_sw128_sc0_sinks1_bfloat16,128,0.6430331944533988,8192,unified_attention_2d,0.1306942081451416,131.45088392073967,10
32,8750,llvm,ck_dsl_uattn2d_tiled_d64_b32_t64_h64kv8_bf16_sinks_w4_mw32_mfma32_stqk_s1_mask1_hlpv_skipqreg_mlim_fastkvdesc,0.5543700408935547,R4_s1mask_hlpv_combo,234.76029759153081,torch.bfloat16,64,100,1041,1000,332,d64_b32_h64kv8_q1000_k1041_ns332_tq8192_sw0_sc0_sinks1_bfloat16,0,0.8591249200583686,8192,unified_attention_2d,0.4762731170654297,273.255136838053,10
32,251,llvm,ck_dsl_uattn2d_tiled_d64_b32_t64_h64kv8_bf16_sinks_sw128_w4_mw32_mfma32_stqk,0.207139835357666,R4_fallback,82.93850941001143,torch.bfloat16,64,100,1042,1000,340,d64_b32_h64kv8_q1000_k1042_ns340_tq8192_sw128_sc0_sinks1_bfloat16,128,0.6398007825531513,8192,unified_attention_2d,0.13252822875976564,129.63177237614792,10
32,8785,llvm,ck_dsl_uattn2d_tiled_d64_b32_t64_h64kv8_bf16_sinks_w4_mw32_mfma32_stqk_s1_mask1_hlpv_skipqreg_mlim_fastkvdesc,0.5604741668701172,R4_s1mask_hlpv_combo,232.51209954552522,torch.bfloat16,64,100,1042,1000,340,d64_b32_h64kv8_q1000_k1042_ns340_tq8192_sw0_sc0_sinks1_bfloat16,0,0.8588770565432935,8192,unified_attention_2d,0.48137840270996096,270.716393893804,10
32,252,llvm,ck_dsl_uattn2d_tiled_d64_b32_t64_h64kv8_bf16_sinks_sw128_w4_mw32_mfma32_stqk,0.21157484054565429,R4_fallback,81.19996281076186,torch.bfloat16,64,100,1043,1000,347,d64_b32_h64kv8_q1000_k1043_ns347_tq8192_sw128_sc0_sinks1_bfloat16,128,1.2748637719780234,8192,unified_attention_2d,0.26972909927368166,63.693050658091515,10
32,8820,llvm,ck_dsl_uattn2d_tiled_d64_b32_t64_h64kv8_bf16_sinks_w4_mw32_mfma32_stqk_s1_mask1_hlpv_skipqreg_mlim_fastkvdesc,0.574242286682129,R4_s1mask_hlpv_combo,227.21570774223616,torch.bfloat16,64,100,1043,1000,347,d64_b32_h64kv8_q1000_k1043_ns347_tq8192_sw0_sc0_sinks1_bfloat16,0,0.8609754184050039,8192,unified_attention_2d,0.4944084930419922,263.9049883249438,10
32,253,llvm,ck_dsl_uattn2d_tiled_d64_b32_t64_h64kv8_bf16_sinks_sw128_w4_mw32_mfma32_stqk,0.2165018081665039,R4_fallback,79.3520817654676,torch.bfloat16,64,100,1044,1000,355,d64_b32_h64kv8_q1000_k1044_ns355_tq8192_sw128_sc0_sinks1_bfloat16,128,0.643702190040816,8192,unified_attention_2d,0.1393626880645752,123.2745250725899,10
32,8855,llvm,ck_dsl_uattn2d_tiled_d64_b32_t64_h64kv8_bf16_sinks_w4_mw32_mfma32_stqk_s1_mask1_hlpv_skipqreg_mlim_fastkvdesc,0.5851645660400391,R4_s1mask_hlpv_combo,223.26069299121036,torch.bfloat16,64,100,1044,1000,355,d64_b32_h64kv8_q1000_k1044_ns355_tq8192_sw0_sc0_sinks1_bfloat16,0,0.8569626156587551,8192,unified_attention_2d,0.5014641571044922,260.525592262374,10
32,254,llvm,ck_dsl_uattn2d_tiled_d64_b32_t64_h64kv8_bf16_sinks_sw128_w4_mw32_mfma32_stqk,0.20617229461669923,R4_fallback,83.32772944075528,torch.bfloat16,64,100,1045,1000,363,d64_b32_h64kv8_q1000_k1045_ns363_tq8192_sw128_sc0_sinks1_bfloat16,128,0.6593080944802867,8192,unified_attention_2d,0.13593106269836425,126.38663189239334,10
32,8890,llvm,ck_dsl_uattn2d_tiled_d64_b32_t64_h64kv8_bf16_sinks_w4_mw32_mfma32_stqk_s1_mask1_hlpv_skipqreg_mlim_fastkvdesc,0.6053291702270508,R4_s1mask_hlpv_combo,216.09221841223362,torch.bfloat16,64,100,1045,1000,363,d64_b32_h64kv8_q1000_k1045_ns363_tq8192_sw0_sc0_sinks1_bfloat16,0,0.8553124110453639,8192,unified_attention_2d,0.5177455520629883,252.64712124091062,10
32,255,llvm,ck_dsl_uattn2d_tiled_d64_b32_t64_h64kv8_bf16_sinks_sw128_w4_mw32_mfma32_stqk,0.1956808090209961,R4_fallback,87.79537078751876,torch.bfloat16,64,100,1046,1000,371,d64_b32_h64kv8_q1000_k1046_ns371_tq8192_sw128_sc0_sinks1_bfloat16,128,0.6681626249718547,8192,unified_attention_2d,0.13074660301208496,131.39820682310238,10
32,8925,llvm,ck_dsl_uattn2d_tiled_d64_b32_t64_h64kv8_bf16_sinks_w4_mw32_mfma32_stqk_s1_mask1_hlpv_skipqreg_mlim_fastkvdesc,0.6105068969726563,R4_s1mask_hlpv_combo,214.52830373162192,torch.bfloat16,64,100,1046,1000,371,d64_b32_h64kv8_q1000_k1046_ns371_tq8192_sw0_sc0_sinks1_bfloat16,0,0.8510729644305524,8192,unified_attention_2d,0.5195859146118164,252.06805138635966,10
32,256,llvm,ck_dsl_uattn2d_tiled_d64_b32_t64_h64kv8_bf16_sinks_sw128_w4_mw32_mfma32_stqk,0.19678716659545897,R4_fallback,87.3017762348149,torch.bfloat16,64,100,1047,1000,379,d64_b32_h64kv8_q1000_k1047_ns379_tq8192_sw128_sc0_sinks1_bfloat16,128,0.6684186244192408,8192,unified_attention_2d,0.13153620719909667,130.6094310443063,10
32,8960,llvm,ck_dsl_uattn2d_tiled_d64_b32_t64_h64kv8_bf16_sinks_w4_mw32_mfma32_stqk_s1_mask1_hlpv_skipqreg_mlim_fastkvdesc,0.6224223709106446,R4_s1mask_hlpv_combo,210.67847961850535,torch.bfloat16,64,100,1047,1000,379,d64_b32_h64kv8_q1000_k1047_ns379_tq8192_sw0_sc0_sinks1_bfloat16,0,0.8566603636126507,8192,unified_attention_2d,0.533204574584961,245.92999579208512,10
32,257,llvm,ck_dsl_uattn2d_tiled_d64_b32_t64_h64kv8_bf16_sinks_sw128_w4_mw32_mfma32_stqk,0.20089576721191407,R4_fallback,85.51633228726958,torch.bfloat16,64,100,1048,1000,387,d64_b32_h64kv8_q1000_k1048_ns387_tq8192_sw128_sc0_sinks1_bfloat16,128,0.6691442783462284,8192,unified_attention_2d,0.13442825317382812,127.7995419741477,10
32,8995,llvm,ck_dsl_uattn2d_tiled_d64_b32_t64_h64kv8_bf16_sinks_w4_mw32_mfma32_stqk_s1_mask1_hlpv_skipqreg_mlim_fastkvdesc,0.63267822265625,R4_s1mask_hlpv_combo,207.52333404612241,torch.bfloat16,64,100,1048,1000,387,d64_b32_h64kv8_q1000_k1048_ns387_tq8192_sw0_sc0_sinks1_bfloat16,0,1.0797355245133036,8192,unified_attention_2d,0.6831251525878906,192.1983016532356,10
32,258,llvm,ck_dsl_uattn2d_tiled_d64_b32_t64_h64kv8_bf16_sinks_sw128_w4_mw32_mfma32_stqk,0.20689268112182618,R4_fallback,83.03758784915088,torch.bfloat16,64,100,1049,1000,394,d64_b32_h64kv8_q1000_k1049_ns394_tq8192_sw128_sc0_sinks1_bfloat16,128,0.6718492025774547,8192,unified_attention_2d,0.13900068283081055,123.59557402254683,10
32,9030,llvm,ck_dsl_uattn2d_tiled_d64_b32_t64_h64kv8_bf16_sinks_w4_mw32_mfma32_stqk_s1_mask1_hlpv_skipqreg_mlim_fastkvdesc,0.7688971710205078,R4_s1mask_hlpv_combo,170.95463892205436,torch.bfloat16,64,100,1049,1000,394,d64_b32_h64kv8_q1000_k1049_ns394_tq8192_sw0_sc0_sinks1_bfloat16,0,0.727302963885316,8192,unified_attention_2d,0.55922119140625,235.05285611487093,10
32,259,llvm,ck_dsl_uattn2d_tiled_d64_b32_t64_h64kv8_bf16_sinks_sw128_w4_mw32_mfma32_stqk,0.20934776306152345,R4_fallback,82.06378197101229,torch.bfloat16,64,100,1050,1000,402,d64_b32_h64kv8_q1000_k1050_ns402_tq8192_sw128_sc0_sinks1_bfloat16,128,0.6734723190509493,8192,unified_attention_2d,0.14098992347717285,121.851751957164,10
32,9065,llvm,ck_dsl_uattn2d_tiled_d64_b32_t64_h64kv8_bf16_sinks_w4_mw32_mfma32_stqk_s1_mask1_hlpv_skipqreg_mlim_fastkvdesc,0.6552695465087891,R4_s1mask_hlpv_combo,200.84602098357206,torch.bfloat16,64,100,1050,1000,402,d64_b32_h64kv8_q1000_k1050_ns402_tq8192_sw0_sc0_sinks1_bfloat16,0,0.8615661605665738,8192,unified_attention_2d,0.5645580673217774,233.11735090836655,10
32,260,llvm,ck_dsl_uattn2d_tiled_d64_b32_t64_h64kv8_bf16_sinks_sw128_w4_mw32_mfma32_stqk,0.21007572174072264,R4_fallback,81.77941287857885,torch.bfloat16,64,100,1051,1000,410,d64_b32_h64kv8_q1000_k1051_ns410_tq8192_sw128_sc0_sinks1_bfloat16,128,0.6732331016709797,8192,unified_attention_2d,0.14142992973327637,121.47265586852535,10
32,9100,llvm,ck_dsl_uattn2d_tiled_d64_b32_t64_h64kv8_bf16_sinks_w4_mw32_mfma32_stqk_s1_mask1_hlpv_skipqreg_mlim_fastkvdesc,0.6599605560302735,R4_s1mask_hlpv_combo,199.64958161826254,torch.bfloat16,64,100,1051,1000,410,d64_b32_h64kv8_q1000_k1051_ns410_tq8192_sw0_sc0_sinks1_bfloat16,0,0.8633286841340149,8192,unified_attention_2d,0.5697628784179688,231.25558699410809,10
32,261,llvm,ck_dsl_uattn2d_tiled_d64_b32_t64_h64kv8_bf16_sinks_sw128_w4_mw32_mfma32_stqk,0.21509988784790038,R4_fallback,79.86926146678461,torch.bfloat16,64,100,1052,1000,418,d64_b32_h64kv8_q1000_k1052_ns418_tq8192_sw128_sc0_sinks1_bfloat16,128,0.6746631257886883,8192,unified_attention_2d,0.14511996269226074,118.38391400658901,10
32,9135,llvm,ck_dsl_uattn2d_tiled_d64_b32_t64_h64kv8_bf16_sinks_w4_mw32_mfma32_stqk_s1_mask1_hlpv_skipqreg_mlim_fastkvdesc,0.6761665344238281,R4_s1mask_hlpv_combo,195.09982169763995,torch.bfloat16,64,100,1052,1000,418,d64_b32_h64kv8_q1000_k1052_ns418_tq8192_sw0_sc0_sinks1_bfloat16,0,0.8634657805509638,8192,unified_attention_2d,0.5838466644287109,225.94968566461296,10
32,262,llvm,ck_dsl_uattn2d_tiled_d64_b32_t64_h64kv8_bf16_sinks_sw128_w4_mw32_mfma32_stqk,0.21881967544555664,R4_fallback,78.51153763489806,torch.bfloat16,64,100,1053,1000,425,d64_b32_h64kv8_q1000_k1053_ns425_tq8192_sw128_sc0_sinks1_bfloat16,128,0.6724038006518746,8192,unified_attention_2d,0.14713518142700197,116.76248343448323,10
32,9170,llvm,ck_dsl_uattn2d_tiled_d64_b32_t64_h64kv8_bf16_sinks_w4_mw32_mfma32_stqk_s1_mask1_hlpv_skipqreg_mlim_fastkvdesc,0.6875592041015625,R4_s1mask_hlpv_combo,192.093972365019,torch.bfloat16,64,100,1053,1000,425,d64_b32_h64kv8_q1000_k1053_ns425_tq8192_sw0_sc0_sinks1_bfloat16,0,0.863453697613043,8192,unified_attention_2d,0.593675537109375,222.47165412117553,10
32,263,llvm,ck_dsl_uattn2d_tiled_d64_b32_t64_h64kv8_bf16_sinks_sw128_w4_mw32_mfma32_stqk,0.22101119995117188,R4_fallback,77.73302523942478,torch.bfloat16,64,100,1054,1000,433,d64_b32_h64kv8_q1000_k1054_ns433_tq8192_sw128_sc0_sinks1_bfloat16,128,0.6748038292096417,8192,unified_attention_2d,0.14913920402526856,115.19351532202911,10
32,9205,llvm,ck_dsl_uattn2d_tiled_d64_b32_t64_h64kv8_bf16_sinks_w4_mw32_mfma32_stqk_s1_mask1_hlpv_skipqreg_mlim_fastkvdesc,0.6966374969482422,R4_s1mask_hlpv_combo,189.80750164503996,torch.bfloat16,64,100,1054,1000,433,d64_b32_h64kv8_q1000_k1054_ns433_tq8192_sw0_sc0_sinks1_bfloat16,0,0.859973264606038,8192,unified_attention_2d,0.5990896224975586,220.7132587220518,10
32,264,llvm,ck_dsl_uattn2d_tiled_d64_b32_t64_h64kv8_bf16_sinks_sw128_w4_mw32_mfma32_stqk,0.22467382431030272,R4_fallback,76.4658243421915,torch.bfloat16,64,100,1055,1000,441,d64_b32_h64kv8_q1000_k1055_ns441_tq8192_sw128_sc0_sinks1_bfloat16,128,0.6743394961652903,8192,unified_attention_2d,0.15150643348693849,113.39366117070594,10
32,9240,llvm,ck_dsl_uattn2d_tiled_d64_b32_t64_h64kv8_bf16_sinks_w4_mw32_mfma32_stqk_s1_mask1_hlpv_skipqreg_mlim_fastkvdesc,0.7136843109130859,R4_s1mask_hlpv_combo,185.49329425306925,torch.bfloat16,64,100,1055,1000,441,d64_b32_h64kv8_q1000_k1055_ns441_tq8192_sw0_sc0_sinks1_bfloat16,0,0.8631230662181221,8192,unified_attention_2d,0.6159973907470703,214.9094393524095,10
32,265,llvm,ck_dsl_uattn2d_tiled_d64_b32_t64_h64kv8_bf16_sinks_sw128_w4_mw32_mfma32_stqk,0.22818883895874023,R4_fallback,75.28794687064587,torch.bfloat16,64,100,1056,1000,449,d64_b32_h64kv8_q1000_k1056_ns449_tq8192_sw128_sc0_sinks1_bfloat16,128,0.672695712777696,8192,unified_attention_2d,0.15350165367126464,111.91976615960102,10
32,9275,llvm,ck_dsl_uattn2d_tiled_d64_b32_t64_h64kv8_bf16_sinks_w4_mw32_mfma32_stqk_s1_mask1_hlpv_skipqreg_mlim_fastkvdesc,0.7228018188476563,R4_s1mask_hlpv_combo,183.37015966465808,torch.bfloat16,64,100,1056,1000,449,d64_b32_h64kv8_q1000_k1056_ns449_tq8192_sw0_sc0_sinks1_bfloat16,0,0.8601675253760116,8192,unified_attention_2d,0.6217306518554687,213.17958915561255,10
32,266,llvm,ck_dsl_uattn2d_tiled_d64_b32_t64_h64kv8_bf16_sinks_sw128_w4_mw32_mfma32_stqk,0.23045072555541993,R4_fallback,74.54899151475442,torch.bfloat16,64,100,1057,1000,457,d64_b32_h64kv8_q1000_k1057_ns457_tq8192_sw128_sc0_sinks1_bfloat16,128,0.6772140631032866,8192,unified_attention_2d,0.15606447219848632,110.08187156235184,10
32,9310,llvm,ck_dsl_uattn2d_tiled_d64_b32_t64_h64kv8_bf16_sinks_w4_mw32_mfma32_stqk_s1_mask1_hlpv_skipqreg_mlim_fastkvdesc,0.7326070404052735,R4_s1mask_hlpv_combo,181.1177436550402,torch.bfloat16,64,100,1057,1000,457,d64_b32_h64kv8_q1000_k1057_ns457_tq8192_sw0_sc0_sinks1_bfloat16,0,0.860029917436498,8192,unified_attention_2d,0.6300639724731445,210.59470139701668,10
32,267,llvm,ck_dsl_uattn2d_tiled_d64_b32_t64_h64kv8_bf16_sinks_sw128_w4_mw32_mfma32_stqk,0.23264583587646484,R4_fallback,73.84559074215507,torch.bfloat16,64,100,1058,1000,464,d64_b32_h64kv8_q1000_k1058_ns464_tq8192_sw128_sc0_sinks1_bfloat16,128,0.6797908101617549,8192,unified_attention_2d,0.1581505012512207,108.62987501196677,10
32,9345,llvm,ck_dsl_uattn2d_tiled_d64_b32_t64_h64kv8_bf16_sinks_w4_mw32_mfma32_stqk_s1_mask1_hlpv_skipqreg_mlim_fastkvdesc,0.7391051483154297,R4_s1mask_hlpv_combo,179.73071820534471,torch.bfloat16,64,100,1058,1000,464,d64_b32_h64kv8_q1000_k1058_ns464_tq8192_sw0_sc0_sinks1_bfloat16,0,0.8631779659748509,8192,unified_attention_2d,0.6379792785644531,208.21977076576724,10
32,268,llvm,ck_dsl_uattn2d_tiled_d64_b32_t64_h64kv8_bf16_sinks_sw128_w4_mw32_mfma32_stqk,0.2368692398071289,R4_fallback,72.52891594530692,torch.bfloat16,64,100,1059,1000,472,d64_b32_h64kv8_q1000_k1059_ns472_tq8192_sw128_sc0_sinks1_bfloat16,128,0.6778985358453374,8192,unified_attention_2d,0.1605733108520508,106.9908136840325,10
32,9380,llvm,ck_dsl_uattn2d_tiled_d64_b32_t64_h64kv8_bf16_sinks_w4_mw32_mfma32_stqk_s1_mask1_hlpv_skipqreg_mlim_fastkvdesc,0.7510560607910156,R4_s1mask_hlpv_combo,177.0762234977905,torch.bfloat16,64,100,1059,1000,472,d64_b32_h64kv8_q1000_k1059_ns472_tq8192_sw0_sc0_sinks1_bfloat16,0,0.8604206398014189,8192,unified_attention_2d,0.6462241363525391,205.80192443856166,10
32,269,llvm,ck_dsl_uattn2d_tiled_d64_b32_t64_h64kv8_bf16_sinks_sw128_w4_mw32_mfma32_stqk,0.23988828659057618,R4_fallback,71.61612360557373,torch.bfloat16,64,100,1060,1000,480,d64_b32_h64kv8_q1000_k1060_ns480_tq8192_sw128_sc0_sinks1_bfloat16,128,0.6834287518023894,8192,unified_attention_2d,0.16394655227661134,104.7894508633158,10
32,9415,llvm,ck_dsl_uattn2d_tiled_d64_b32_t64_h64kv8_bf16_sinks_w4_mw32_mfma32_stqk_s1_mask1_hlpv_skipqreg_mlim_fastkvdesc,0.7585045623779297,R4_s1mask_hlpv_combo,175.53545691352076,torch.bfloat16,64,100,1060,1000,480,d64_b32_h64kv8_q1000_k1060_ns480_tq8192_sw0_sc0_sinks1_bfloat16,0,0.8665417203663174,8192,unified_attention_2d,0.6572758483886719,202.5701161154893,10
32,270,llvm,ck_dsl_uattn2d_tiled_d64_b32_t64_h64kv8_bf16_sinks_sw128_w4_mw32_mfma32_stqk,0.24165460586547852,R4_fallback,71.09266186949273,torch.bfloat16,64,100,1061,1000,487,d64_b32_h64kv8_q1000_k1061_ns487_tq8192_sw128_sc0_sinks1_bfloat16,128,0.6941618248507201,8192,unified_attention_2d,0.1677474021911621,102.41511319753323,10
32,9450,llvm,ck_dsl_uattn2d_tiled_d64_b32_t64_h64kv8_bf16_sinks_w4_mw32_mfma32_stqk_s1_mask1_hlpv_skipqreg_mlim_fastkvdesc,0.7632334899902343,R4_s1mask_hlpv_combo,174.6389285324802,torch.bfloat16,64,100,1061,1000,487,d64_b32_h64kv8_q1000_k1061_ns487_tq8192_sw0_sc0_sinks1_bfloat16,0,0.8746492101943912,8192,unified_attention_2d,0.6675615692138672,199.66739407866913,10
32,271,llvm,ck_dsl_uattn2d_tiled_d64_b32_t64_h64kv8_bf16_sinks_sw128_w4_mw32_mfma32_stqk,0.24674196243286134,R4_fallback,69.62686449685125,torch.bfloat16,64,100,1062,1000,495,d64_b32_h64kv8_q1000_k1062_ns495_tq8192_sw128_sc0_sinks1_bfloat16,128,0.7024013277279548,8192,unified_attention_2d,0.17331188201904296,99.12689761289609,10
32,9485,llvm,ck_dsl_uattn2d_tiled_d64_b32_t64_h64kv8_bf16_sinks_w4_mw32_mfma32_stqk_s1_mask1_hlpv_skipqreg_mlim_fastkvdesc,0.7719718933105468,R4_s1mask_hlpv_combo,172.8590426521127,torch.bfloat16,64,100,1062,1000,495,d64_b32_h64kv8_q1000_k1062_ns495_tq8192_sw0_sc0_sinks1_bfloat16,0,0.8935411661341379,8192,unified_attention_2d,0.6897886657714843,193.45392154675855,10
32,272,llvm,ck_dsl_uattn2d_tiled_d64_b32_t64_h64kv8_bf16_sinks_sw128_w4_mw32_mfma32_stqk,0.24827827453613283,R4_fallback,69.19602295487901,torch.bfloat16,64,100,1063,1000,503,d64_b32_h64kv8_q1000_k1063_ns503_tq8192_sw128_sc0_sinks1_bfloat16,128,0.7114416054412821,8192,unified_attention_2d,0.17663549423217773,97.26170415906329,10
32,9520,llvm,ck_dsl_uattn2d_tiled_d64_b32_t64_h64kv8_bf16_sinks_w4_mw32_mfma32_stqk_s1_mask1_hlpv_skipqreg_mlim_fastkvdesc,0.9842862701416015,R4_s1mask_hlpv_combo,135.72714565324662,torch.bfloat16,64,100,1063,1000,503,d64_b32_h64kv8_q1000_k1063_ns503_tq8192_sw0_sc0_sinks1_bfloat16,0,0.7183828961517411,8192,unified_attention_2d,0.7070944213867187,188.93426664292065,10
32,273,llvm,ck_dsl_uattn2d_tiled_d64_b32_t64_h64kv8_bf16_sinks_sw128_w4_mw32_mfma32_stqk,0.2544499778747559,R4_fallback,67.51766821711493,torch.bfloat16,64,100,1064,1000,511,d64_b32_h64kv8_q1000_k1064_ns511_tq8192_sw128_sc0_sinks1_bfloat16,128,0.7119967029738824,8192,unified_attention_2d,0.18116754531860352,94.82862481680847,10
32,9555,llvm,ck_dsl_uattn2d_tiled_d64_b32_t64_h64kv8_bf16_sinks_w4_mw32_mfma32_stqk_s1_mask1_hlpv_skipqreg_mlim_fastkvdesc,0.7902482604980469,R4_s1mask_hlpv_combo,169.23874762560206,torch.bfloat16,64,100,1064,1000,511,d64_b32_h64kv8_q1000_k1064_ns511_tq8192_sw0_sc0_sinks1_bfloat16,0,1.0805215939614259,8192,unified_attention_2d,0.8538803100585938,156.6268999818284,10
32,274,llvm,ck_dsl_uattn2d_tiled_d64_b32_t64_h64kv8_bf16_sinks_sw128_w4_mw32_mfma32_stqk,0.11311287879943847,R4_fallback,46.33232664241958,torch.bfloat16,64,100,1065,1000,512,d64_b32_h64kv8_q1000_k1065_ns512_tq2499_sw128_sc0_sinks1_bfloat16,128,0.715936815098883,2499,unified_attention_2d,0.08098167419433594,64.71566437887442,10
32,9590,llvm,ck_dsl_uattn2d_tiled_d64_b32_t64_h64kv8_bf16_sinks_w4_mw32_mfma32_stqk_s1_mask1_hlpv_skipqreg_mlim_fastkvdesc,0.3285863494873047,R4_s1mask_hlpv_combo,107.65518017164837,torch.bfloat16,64,100,1065,1000,512,d64_b32_h64kv8_q1000_k1065_ns512_tq2499_sw0_sc0_sinks1_bfloat16,0,0.9045281269569131,2499,unified_attention_2d,0.29721559524536134,119.01805699932257,10
32,311,llvm,ck_dsl_uattn2d_tiled_d64_b32_t64_h64kv8_bf16_sinks_sw128_w4_mw32_mfma32_stqk,0.11144895553588867,R4_fallback,46.929978507656315,torch.bfloat16,64,100,1099,1000,496,d64_b32_h64kv8_q1000_k1099_ns496_tq2494_sw128_sc0_sinks1_bfloat16,128,0.7106396651797366,2494,unified_attention_2d,0.07920004844665528,66.0390642503563,10
32,10885,llvm,ck_dsl_uattn2d_tiled_d64_b32_t64_h64kv8_bf16_sinks_w4_mw32_mfma32_stqk_s1_mask1_hlpv_skipqreg_mlim_fastkvdesc,0.33885223388671876,R4_s1mask_hlpv_combo,108.23087355611335,torch.bfloat16,64,100,1099,1000,496,d64_b32_h64kv8_q1000_k1099_ns496_tq2494_sw0_sc0_sinks1_bfloat16,0,0.9084883969123277,2494,unified_attention_2d,0.30784332275390625,119.13291784898603,10
32,312,llvm,ck_dsl_uattn2d_tiled_d64_b32_t64_h64kv8_bf16_sinks_sw128_w4_mw32_mfma32_stqk,0.29391727447509763,R4_fallback,58.45137620672778,torch.bfloat16,64,100,1099,1000,496,d64_b32_h64kv8_q1000_k1099_ns496_tq8192_sw128_sc0_sinks1_bfloat16,128,0.7067547581949847,8192,unified_attention_2d,0.20772743225097656,82.7039019249189,10
32,10920,llvm,ck_dsl_uattn2d_tiled_d64_b32_t64_h64kv8_bf16_sinks_w4_mw32_mfma32_stqk_s1_mask1_hlpv_skipqreg_mlim_fastkvdesc,0.8184984588623047,R4_s1mask_hlpv_combo,169.10307538561256,torch.bfloat16,64,100,1099,1000,496,d64_b32_h64kv8_q1000_k1099_ns496_tq8192_sw0_sc0_sinks1_bfloat16,0,0.8894030260183816,8192,unified_attention_2d,0.7279750061035156,190.1309872338096,10
32,320,llvm,ck_dsl_uattn2d_tiled_d64_b32_t64_h64kv8_bf16_sinks_sw128_w4_mw32_mfma32_stqk,0.09071077346801758,R4_fallback,19.3044536282937,torch.bfloat16,64,100,1099,351,485,d64_b32_h64kv8_q351_k1099_ns485_tq835_sw128_sc0_sinks1_bfloat16,128,0.7210952726290972,835,unified_attention_2d,0.06541110992431641,26.771016758867518,10
32,11200,llvm,ck_dsl_uattn2d_tiled_d64_b32_t64_h64kv8_bf16_sinks_w4_mw32_mfma32_stqk_s1_mask1_hlpv_skipqreg_mlim_fastkvdesc,0.31197078704833986,R4_s1mask_hlpv_combo,44.95864973994089,torch.bfloat16,64,100,1099,351,485,d64_b32_h64kv8_q351_k1099_ns485_tq835_sw0_sc0_sinks1_bfloat16,0,0.9543509167808227,835,unified_attention_2d,0.29772960662841796,47.10913873441182,10
