m,n,k,a_type,b_type,c_type,d_type,origami_gflops,other_gflops,perf_pct
1,1792,32,bf16_r,bf16_r,bf16_r,bf16_r,23.947,24.288,98.6
1,1792,128,bf16_r,bf16_r,bf16_r,bf16_r,34.342,37.987,90.4
1,1792,512,bf16_r,bf16_r,bf16_r,bf16_r,167.891,176.348,95.2
1,3072,32,bf16_r,bf16_r,bf16_r,bf16_r,15.908,18.063,88.1
1,3072,512,bf16_r,bf16_r,bf16_r,bf16_r,227.951,243.574,93.6
1,3072,1024,bf16_r,bf16_r,bf16_r,bf16_r,424.778,523.184,81.2
1,592704,12,f32_r,f32_r,f32_r,f32_r,651.391,635.131,102.6
1,786144,9,f32_r,f32_r,f32_r,f32_r,603.180,612.383,98.5
1,875568,8,f32_r,f32_r,f32_r,f32_r,742.045,728.566,101.9
1,925632,10,f32_r,f32_r,f32_r,f32_r,632.498,618.771,102.2
4,6577472,12,f32_r,f32_r,f32_r,f32_r,4193.380,4405.180,95.2
4,13744384,12,f32_r,f32_r,f32_r,f32_r,4337.740,4571.960,94.9
4,20920192,12,f32_r,f32_r,f32_r,f32_r,4208.590,4477.200,94.0
4,21907200,8,f32_r,f32_r,f32_r,f32_r,3212.490,3363.630,95.5
7,72,120,bf16_r,bf16_r,bf16_r,bf16_r,11124.300,14000.200,79.5
7,120,72,bf16_r,bf16_r,bf16_r,bf16_r,12533.500,12239.200,102.4
8,1,875568,f32_r,f32_r,f32_r,f32_r,530.077,528.498,100.3
8,4,21907200,f32_r,f32_r,f32_r,f32_r,6895.730,6800.610,101.4
8,875568,1,f32_r,f32_r,f32_r,f32_r,912.122,975.034,93.5
8,21907200,2,f32_r,f32_r,f32_r,f32_r,2407.070,2960.220,81.3
9,1,786144,f32_r,f32_r,f32_r,f32_r,532.224,527.479,100.9
9,786144,1,f32_r,f32_r,f32_r,f32_r,638.223,604.289,105.6
9,6577472,2,f32_r,f32_r,f32_r,f32_r,1981.090,2101.670,94.3
10,1,925632,f32_r,f32_r,f32_r,f32_r,623.432,613.664,101.6
10,120,40,bf16_r,bf16_r,bf16_r,bf16_r,9383.180,9300.620,100.9
10,368640,10,bf16_r,bf16_r,bf16_r,bf16_r,4242.130,4303.610,98.6
10,925632,1,f32_r,f32_r,f32_r,f32_r,548.009,551.179,99.4
10,20920192,2,f32_r,f32_r,f32_r,f32_r,2381.060,2845.090,83.7
12,1,592704,f32_r,f32_r,f32_r,f32_r,587.947,578.558,101.6
12,4,6577472,f32_r,f32_r,f32_r,f32_r,7242.320,6872.650,105.4
12,4,13744384,f32_r,f32_r,f32_r,f32_r,8596.700,7992.400,107.6
12,4,20920192,f32_r,f32_r,f32_r,f32_r,8847.560,8349.980,106.0
12,592704,1,f32_r,f32_r,f32_r,f32_r,755.185,866.961,87.1
12,13744384,2,f32_r,f32_r,f32_r,f32_r,2626.010,2466.190,106.5
15,368640,72,bf16_r,bf16_r,bf16_r,bf16_r,15598.200,24907.800,62.6
16,16,368640,bf16_r,bf16_r,bf16_r,bf16_r,9351.100,9020.210,103.7
16,368640,224,bf16_r,bf16_r,bf16_r,bf16_r,49571.400,58140.100,85.3
24,128,3072,bf16_r,bf16_r,bf16_r,bf16_r,1620.160,1607.850,100.8
24,256,3072,bf16_r,bf16_r,bf16_r,bf16_r,2245.090,2232.530,100.6
24,320,3072,bf16_r,bf16_r,bf16_r,bf16_r,2818.010,2840.700,99.2
24,3072,128,bf16_r,bf16_r,bf16_r,bf16_r,1708.210,1639.350,104.2
24,3072,256,bf16_r,bf16_r,bf16_r,bf16_r,2823.280,3038.830,92.9
24,3072,320,bf16_r,bf16_r,bf16_r,bf16_r,3218.840,3722.610,86.5
32,1,1792,bf16_r,bf16_r,bf16_r,bf16_r,7.678,8.150,94.2
32,1,3072,bf16_r,bf16_r,bf16_r,bf16_r,13.187,14.039,93.9
32,102,120,bf16_r,bf16_r,bf16_r,bf16_r,70647.400,46611.300,151.6
32,120,102,bf16_r,bf16_r,bf16_r,bf16_r,67737.800,62619.900,108.2
32,120,618,bf16_r,bf16_r,bf16_r,bf16_r,126180.000,113538.000,111.1
32,160,257,bf16_r,bf16_r,bf16_r,bf16_r,94248.800,82839.100,113.8
32,160,1867,bf16_r,bf16_r,bf16_r,bf16_r,125996.000,129330.000,97.4
32,192,641,bf16_r,bf16_r,bf16_r,bf16_r,141144.000,122238.000,115.5
32,192,2126,bf16_r,bf16_r,bf16_r,bf16_r,147103.000,133656.000,110.1
32,192,4090,bf16_r,bf16_r,bf16_r,bf16_r,152596.000,146897.000,103.9
32,257,160,bf16_r,bf16_r,bf16_r,bf16_r,72413.700,78085.400,92.7
32,512,1280,bf16_r,bf16_r,bf16_r,bf16_r,2819.740,2884.790,97.7
32,512,3072,bf16_r,bf16_r,bf16_r,bf16_r,6166.020,5565.000,110.8
32,618,120,bf16_r,bf16_r,bf16_r,bf16_r,98652.300,89942.600,109.7
32,641,192,bf16_r,bf16_r,bf16_r,bf16_r,85170.800,113606.000,75.0
32,1792,1,bf16_r,bf16_r,bf16_r,bf16_r,9.089,8.745,103.9
32,1792,128,bf16_r,bf16_r,bf16_r,bf16_r,1281.520,1189.710,107.7
32,1867,160,bf16_r,bf16_r,bf16_r,bf16_r,76709.900,107722.000,71.2
32,2126,192,bf16_r,bf16_r,bf16_r,bf16_r,79898.100,117724.000,67.9
32,3072,1,bf16_r,bf16_r,bf16_r,bf16_r,14.102,14.620,96.5
32,3072,2048,bf16_r,bf16_r,bf16_r,bf16_r,28640.700,29920.100,95.7
32,4090,192,bf16_r,bf16_r,bf16_r,bf16_r,79874.500,130729.000,61.1
32,286720,264,bf16_r,bf16_r,bf16_r,bf16_r,24573.900,49688.400,49.5
32,368640,102,bf16_r,bf16_r,bf16_r,bf16_r,34492.800,57572.100,59.9
32,491520,105,bf16_r,bf16_r,bf16_r,bf16_r,19677.600,44470.800,44.2
40,10,120,bf16_r,bf16_r,bf16_r,bf16_r,17450.900,17264.200,101.1
40,105,160,bf16_r,bf16_r,bf16_r,bf16_r,59229.100,63746.800,92.9
40,120,10,bf16_r,bf16_r,bf16_r,bf16_r,6541.880,6617.120,98.9
40,160,105,bf16_r,bf16_r,bf16_r,bf16_r,59408.600,59648.800,99.6
40,160,1219,bf16_r,bf16_r,bf16_r,bf16_r,108870.000,121633.000,89.5
40,240,3072,bf16_r,bf16_r,bf16_r,bf16_r,3566.670,3737.640,95.4
40,1219,160,bf16_r,bf16_r,bf16_r,bf16_r,86420.800,112296.000,77.0
40,3072,240,bf16_r,bf16_r,bf16_r,bf16_r,4814.850,4405.830,109.3
48,48,98304,f32_r,f32_r,f32_r,f32_r,12062.100,12329.100,97.8
48,48,614400,f32_r,f32_r,f32_r,f32_r,29647.100,29667.300,99.9
48,128,3072,bf16_r,bf16_r,bf16_r,bf16_r,2342.390,2245.000,104.3
48,128,98304,f32_r,f32_r,f32_r,f32_r,25980.200,25779.600,100.8
48,240,3072,bf16_r,bf16_r,bf16_r,bf16_r,4277.300,4475.740,95.6
48,3072,120,f32_r,f32_r,f32_r,f32_r,41531.800,50534.400,82.2
48,3072,128,bf16_r,bf16_r,bf16_r,bf16_r,3235.250,2757.400,117.3
48,3072,240,bf16_r,bf16_r,bf16_r,bf16_r,5069.850,5219.470,97.1
48,98304,48,f32_r,f32_r,f32_r,f32_r,16062.400,15631.800,102.8
48,98304,128,f32_r,f32_r,f32_r,f32_r,49544.900,46080.200,107.5
48,614400,48,f32_r,f32_r,f32_r,f32_r,34275.500,34398.600,99.6
54,368640,618,bf16_r,bf16_r,bf16_r,bf16_r,110108.000,153351.000,71.8
60,128,3072,bf16_r,bf16_r,bf16_r,bf16_r,3019.450,2918.680,103.5
60,240,3072,bf16_r,bf16_r,bf16_r,bf16_r,5267.560,5469.780,96.3
60,512,1280,bf16_r,bf16_r,bf16_r,bf16_r,5627.870,5410.140,104.0
60,512,1792,bf16_r,bf16_r,bf16_r,bf16_r,7211.140,8045.720,89.6
60,3072,128,bf16_r,bf16_r,bf16_r,bf16_r,3671.960,3529.270,104.0
60,3072,240,bf16_r,bf16_r,bf16_r,bf16_r,7063.800,6420.170,110.0
64,120,3072,bf16_r,bf16_r,bf16_r,bf16_r,2802.210,2781.510,100.7
64,512,1280,bf16_r,bf16_r,bf16_r,bf16_r,6001.130,6001.150,100.0
64,512,1792,bf16_r,bf16_r,bf16_r,bf16_r,7908.800,7924.490,99.8
64,512,3072,bf16_r,bf16_r,bf16_r,bf16_r,13161.200,12693.400,103.7
64,491520,1224,bf16_r,bf16_r,bf16_r,bf16_r,131053.000,203269.000,64.5
72,16,368640,bf16_r,bf16_r,bf16_r,bf16_r,15265.600,15331.200,99.6
72,120,7,bf16_r,bf16_r,bf16_r,bf16_r,8039.500,8097.580,99.3
72,120,3072,bf16_r,bf16_r,bf16_r,bf16_r,3160.090,3405.000,92.8
72,512,1280,bf16_r,bf16_r,bf16_r,bf16_r,6895.590,6959.410,99.1
72,512,1792,bf16_r,bf16_r,bf16_r,bf16_r,8542.000,9062.040,94.3
72,512,3072,bf16_r,bf16_r,bf16_r,bf16_r,14203.400,14641.500,97.0
72,368640,15,bf16_r,bf16_r,bf16_r,bf16_r,18126.000,18084.900,100.2
96,120,3072,bf16_r,bf16_r,bf16_r,bf16_r,4250.090,4505.710,94.3
96,512,1280,bf16_r,bf16_r,bf16_r,bf16_r,8836.820,9232.630,95.7
96,512,1792,bf16_r,bf16_r,bf16_r,bf16_r,11682.300,12192.100,95.8
96,512,3072,bf16_r,bf16_r,bf16_r,bf16_r,19272.300,19661.900,98.0
102,32,368640,bf16_r,bf16_r,bf16_r,bf16_r,36155.300,36248.300,99.7
102,118,368640,bf16_r,bf16_r,bf16_r,bf16_r,86373.100,88078.700,98.1
102,120,32,bf16_r,bf16_r,bf16_r,bf16_r,44502.300,43555.400,102.2
102,368640,32,bf16_r,bf16_r,bf16_r,bf16_r,52887.200,49090.800,107.7
102,368640,118,bf16_r,bf16_r,bf16_r,bf16_r,88223.500,111232.000,79.3
105,121,491520,bf16_r,bf16_r,bf16_r,bf16_r,157413.000,153645.000,102.5
105,160,40,bf16_r,bf16_r,bf16_r,bf16_r,46020.500,50262.800,91.6
105,491520,32,bf16_r,bf16_r,bf16_r,bf16_r,46950.200,46725.900,100.5
112,32,491520,bf16_r,bf16_r,bf16_r,bf16_r,37938.100,38430.200,98.7
112,128,1792,bf16_r,bf16_r,bf16_r,bf16_r,3437.300,3737.050,92.0
112,320,1792,bf16_r,bf16_r,bf16_r,bf16_r,8656.310,8883.860,97.4
112,1792,128,bf16_r,bf16_r,bf16_r,bf16_r,4081.010,4306.270,94.8
112,1792,320,bf16_r,bf16_r,bf16_r,bf16_r,9074.720,9266.560,97.9
112,491520,128,bf16_r,bf16_r,bf16_r,bf16_r,152942.000,167316.000,91.4
118,368640,102,bf16_r,bf16_r,bf16_r,bf16_r,77753.500,100140.000,77.6
120,48,3072,f32_r,f32_r,f32_r,f32_r,68635.500,61512.200,111.6
120,102,32,bf16_r,bf16_r,bf16_r,bf16_r,46191.200,44877.400,102.9
120,120,3072,bf16_r,bf16_r,bf16_r,bf16_r,5217.190,5548.700,94.0
120,512,1280,bf16_r,bf16_r,bf16_r,bf16_r,10807.700,10768.000,100.4
120,618,32,bf16_r,bf16_r,bf16_r,bf16_r,58768.100,57715.400,101.8
120,3072,48,f32_r,f32_r,f32_r,f32_r,37636.600,36149.200,104.1
120,3072,64,bf16_r,bf16_r,bf16_r,bf16_r,3942.920,3393.880,116.2
120,3072,72,bf16_r,bf16_r,bf16_r,bf16_r,4218.760,3746.520,112.6
120,3072,96,bf16_r,bf16_r,bf16_r,bf16_r,5365.040,5166.540,103.8
120,3072,120,bf16_r,bf16_r,bf16_r,bf16_r,6807.490,6670.680,102.1
120,3072,144,bf16_r,bf16_r,bf16_r,bf16_r,7543.420,8086.370,93.3
120,3072,160,bf16_r,bf16_r,bf16_r,bf16_r,9302.670,8468.740,109.8
120,3072,240,bf16_r,bf16_r,bf16_r,bf16_r,12755.600,12279.800,103.9
120,3072,512,bf16_r,bf16_r,bf16_r,bf16_r,27482.200,26200.200,104.9
121,491520,105,bf16_r,bf16_r,bf16_r,bf16_r,80678.500,111401.000,72.4
125,3072,320,bf16_r,bf16_r,bf16_r,bf16_r,18505.700,17727.300,104.4
128,1,1792,bf16_r,bf16_r,bf16_r,bf16_r,33.669,34.290,98.2
128,32,1792,bf16_r,bf16_r,bf16_r,bf16_r,1022.060,1031.060,99.1
128,48,98304,f32_r,f32_r,f32_r,f32_r,27510.400,27604.200,99.7
128,128,57344,f32_r,f32_r,f32_r,f32_r,47427.200,46961.200,101.0
128,128,358400,f32_r,f32_r,f32_r,f32_r,69846.400,69676.700,100.2
128,256,57344,f32_r,f32_r,f32_r,f32_r,78619.500,78115.100,100.6
128,512,3072,bf16_r,bf16_r,bf16_r,bf16_r,24696.700,25365.300,97.4
128,1792,1,bf16_r,bf16_r,bf16_r,bf16_r,36.805,36.294,101.4
128,1792,32,bf16_r,bf16_r,bf16_r,bf16_r,1095.030,1612.580,67.9
128,1792,112,bf16_r,bf16_r,bf16_r,bf16_r,3764.390,3636.780,103.5
128,1792,160,f32_r,f32_r,f32_r,f32_r,84752.900,81862.200,103.5
128,1792,2048,bf16_r,bf16_r,bf16_r,bf16_r,63245.400,63140.100,100.2
128,1792,2352,bf16_r,bf16_r,bf16_r,bf16_r,52439.600,59782.800,87.7
128,1792,20224,bf16_r,bf16_r,bf16_r,bf16_r,228827.000,222046.000,103.1
128,3072,24,bf16_r,bf16_r,bf16_r,bf16_r,1363.990,1420.910,96.0
128,3072,48,bf16_r,bf16_r,bf16_r,bf16_r,2755.700,2866.790,96.1
128,3072,60,bf16_r,bf16_r,bf16_r,bf16_r,3402.760,3213.540,105.9
128,3072,360,bf16_r,bf16_r,bf16_r,bf16_r,19830.400,19744.500,100.4
128,3072,440,bf16_r,bf16_r,bf16_r,bf16_r,23736.800,23711.000,100.1
128,3072,1320,bf16_r,bf16_r,bf16_r,bf16_r,60682.700,66012.500,91.9
128,57344,128,f32_r,f32_r,f32_r,f32_r,72520.300,70880.000,102.3
128,57344,256,f32_r,f32_r,f32_r,f32_r,67364.100,73896.200,91.2
128,98304,48,f32_r,f32_r,f32_r,f32_r,48438.500,48028.200,100.9
128,358400,128,f32_r,f32_r,f32_r,f32_r,88023.900,88258.200,99.7
144,120,3072,bf16_r,bf16_r,bf16_r,bf16_r,6135.320,6824.990,89.9
144,512,1280,bf16_r,bf16_r,bf16_r,bf16_r,12655.600,13334.200,94.9
160,105,40,bf16_r,bf16_r,bf16_r,bf16_r,52648.200,58390.800,90.2
160,120,3072,bf16_r,bf16_r,bf16_r,bf16_r,6864.690,7515.400,91.3
160,128,1792,f32_r,f32_r,f32_r,f32_r,104333.000,103412.000,100.9
160,257,32,bf16_r,bf16_r,bf16_r,bf16_r,65783.900,64870.500,101.4
160,512,1280,bf16_r,bf16_r,bf16_r,bf16_r,13674.700,14133.800,96.8
160,1219,40,bf16_r,bf16_r,bf16_r,bf16_r,67436.200,89184.900,75.6
160,1792,128,f32_r,f32_r,f32_r,f32_r,78080.100,77162.000,101.2
160,1792,512,bf16_r,bf16_r,bf16_r,bf16_r,20128.000,22047.500,91.3
160,1792,804,bf16_r,bf16_r,bf16_r,bf16_r,30498.700,31079.200,98.1
160,1792,2048,bf16_r,bf16_r,bf16_r,bf16_r,80188.300,77538.700,103.4
160,1867,32,bf16_r,bf16_r,bf16_r,bf16_r,76051.500,75442.900,100.8
160,3072,316,bf16_r,bf16_r,bf16_r,bf16_r,21528.400,22279.400,96.6
160,3072,512,bf16_r,bf16_r,bf16_r,bf16_r,36407.300,34774.800,104.7
160,3072,888,bf16_r,bf16_r,bf16_r,bf16_r,57070.000,59083.800,96.6
160,3072,2048,bf16_r,bf16_r,bf16_r,bf16_r,143125.000,143019.000,100.1
160,286720,264,bf16_r,bf16_r,bf16_r,bf16_r,191137.000,246540.000,77.5
192,256,450560,bf16_r,bf16_r,bf16_r,bf16_r,253505.000,260009.000,97.5
192,512,1280,bf16_r,bf16_r,bf16_r,bf16_r,16571.700,17177.700,96.5
192,512,3072,bf16_r,bf16_r,bf16_r,bf16_r,36740.900,37291.300,98.5
192,641,32,bf16_r,bf16_r,bf16_r,bf16_r,84787.700,77722.000,109.1
192,1280,512,bf16_r,bf16_r,bf16_r,bf16_r,17429.500,19008.200,91.7
192,1280,2048,bf16_r,bf16_r,bf16_r,bf16_r,67776.900,71393.400,94.9
192,2126,32,bf16_r,bf16_r,bf16_r,bf16_r,91366.500,88033.900,103.8
192,4090,32,bf16_r,bf16_r,bf16_r,bf16_r,81948.300,79154.300,103.5
192,450560,256,bf16_r,bf16_r,bf16_r,bf16_r,335685.000,357385.000,93.9
208,491520,1224,bf16_r,bf16_r,bf16_r,bf16_r,245903.000,280785.000,87.6
221,10,368640,bf16_r,bf16_r,bf16_r,bf16_r,24425.100,24541.200,99.5
221,368640,10,bf16_r,bf16_r,bf16_r,bf16_r,11637.800,11675.600,99.7
240,120,3072,bf16_r,bf16_r,bf16_r,bf16_r,10009.300,10908.300,91.8
240,480,3072,bf16_r,bf16_r,bf16_r,bf16_r,39086.300,42148.200,92.7
240,512,1280,bf16_r,bf16_r,bf16_r,bf16_r,20179.600,21719.900,92.9
240,512,3072,bf16_r,bf16_r,bf16_r,bf16_r,42393.700,45005.700,94.2
240,3072,40,bf16_r,bf16_r,bf16_r,bf16_r,4123.870,4295.930,96.0
240,3072,48,bf16_r,bf16_r,bf16_r,bf16_r,5100.290,5110.450,99.8
240,3072,60,bf16_r,bf16_r,bf16_r,bf16_r,6617.850,6622.660,99.9
240,3072,360,bf16_r,bf16_r,bf16_r,bf16_r,36690.500,37549.500,97.7
240,3072,480,bf16_r,bf16_r,bf16_r,bf16_r,48012.800,49423.900,97.1
240,3072,1320,bf16_r,bf16_r,bf16_r,bf16_r,103543.000,112014.000,92.4
256,24,3072,bf16_r,bf16_r,bf16_r,bf16_r,2162.070,2265.230,95.4
256,128,57344,f32_r,f32_r,f32_r,f32_r,72871.600,72565.800,100.4
256,232,256,bf16_r,bf16_r,bf16_r,bf16_r,288879.000,318545.000,90.7
256,256,232,bf16_r,bf16_r,bf16_r,bf16_r,362554.000,357433.000,101.4
256,256,532,bf16_r,bf16_r,bf16_r,bf16_r,465480.000,446527.000,104.2
256,256,1280,bf16_r,bf16_r,bf16_r,bf16_r,11741.300,12091.500,97.1
256,256,1792,bf16_r,bf16_r,bf16_r,bf16_r,14952.300,15657.400,95.5
256,256,10240,bf16_r,bf16_r,bf16_r,bf16_r,66647.600,64982.900,102.6
256,256,256000,f32_r,f32_r,f32_r,f32_r,105073.000,110807.000,94.8
256,256,296960,bf16_r,bf16_r,bf16_r,bf16_r,270304.000,269201.000,100.4
256,256,640000,f32_r,f32_r,f32_r,f32_r,107748.000,116714.000,92.3
256,256,680960,bf16_r,bf16_r,bf16_r,bf16_r,282606.000,281937.000,100.2
256,316,3072,bf16_r,bf16_r,bf16_r,bf16_r,28468.000,31082.400,91.6
256,384,57600,bf16_r,bf16_r,bf16_r,bf16_r,199281.000,205406.000,97.0
256,440,3072,bf16_r,bf16_r,bf16_r,bf16_r,39645.500,42707.200,92.8
256,504,3072,bf16_r,bf16_r,bf16_r,bf16_r,45123.800,48470.000,93.1
256,512,3072,bf16_r,bf16_r,bf16_r,bf16_r,47296.600,49720.200,95.1
256,512,40960,bf16_r,bf16_r,bf16_r,bf16_r,279210.000,269865.000,103.5
256,512,296960,bf16_r,bf16_r,bf16_r,bf16_r,372872.000,393841.000,94.7
256,512,680960,bf16_r,bf16_r,bf16_r,bf16_r,379715.000,394986.000,96.1
256,532,256,bf16_r,bf16_r,bf16_r,bf16_r,359133.000,413871.000,86.8
256,840,3072,bf16_r,bf16_r,bf16_r,bf16_r,73304.000,86471.300,84.8
256,888,3072,bf16_r,bf16_r,bf16_r,bf16_r,76839.100,88126.000,87.2
256,1280,256,bf16_r,bf16_r,bf16_r,bf16_r,12495.000,13162.000,94.9
256,1280,384,f32_r,f32_r,f32_r,f32_r,18192.200,18255.500,99.7
256,1280,768,f32_r,f32_r,f32_r,f32_r,34046.400,36134.700,94.2
256,1280,1664,f32_r,f32_r,f32_r,f32_r,57065.500,57001.200,100.1
256,1280,5692,bf16_r,bf16_r,bf16_r,bf16_r,129796.000,132671.000,97.8
256,1280,8192,bf16_r,bf16_r,bf16_r,bf16_r,194431.000,198302.000,98.0
256,1280,20512,bf16_r,bf16_r,bf16_r,bf16_r,260631.000,274244.000,95.0
256,1280,49152,bf16_r,bf16_r,bf16_r,bf16_r,442646.000,453904.000,97.5
256,1280,65536,bf16_r,bf16_r,bf16_r,bf16_r,409088.000,364682.000,112.2
256,1280,68032,bf16_r,bf16_r,bf16_r,bf16_r,404220.000,368329.000,109.7
256,1280,130880,bf16_r,bf16_r,bf16_r,bf16_r,378192.000,367643.000,102.9
256,1792,256,bf16_r,bf16_r,bf16_r,bf16_r,18042.100,17773.800,101.5
256,1792,5120,bf16_r,bf16_r,bf16_r,bf16_r,230416.000,217723.000,105.8
256,1792,8224,bf16_r,bf16_r,bf16_r,bf16_r,197177.000,209233.000,94.2
256,1792,59744,bf16_r,bf16_r,bf16_r,bf16_r,378251.000,399804.000,94.6
256,3072,24,bf16_r,bf16_r,bf16_r,bf16_r,2784.130,2624.090,106.1
256,3072,316,bf16_r,bf16_r,bf16_r,bf16_r,35333.700,35071.800,100.7
256,3072,440,bf16_r,bf16_r,bf16_r,bf16_r,44460.700,46144.200,96.4
256,3072,504,bf16_r,bf16_r,bf16_r,bf16_r,50181.400,56371.200,89.0
256,3072,512,bf16_r,bf16_r,bf16_r,bf16_r,54135.400,55710.500,97.2
256,3072,768,bf16_r,bf16_r,bf16_r,bf16_r,86128.200,85866.000,100.3
256,3072,840,bf16_r,bf16_r,bf16_r,bf16_r,88635.400,85596.700,103.6
256,3072,888,bf16_r,bf16_r,bf16_r,bf16_r,88860.000,95485.600,93.1
256,3072,1800,bf16_r,bf16_r,bf16_r,bf16_r,127661.000,131726.000,96.9
256,3072,2722,bf16_r,bf16_r,bf16_r,bf16_r,143870.000,147543.000,97.5
256,3072,3264,bf16_r,bf16_r,bf16_r,bf16_r,189169.000,181930.000,104.0
256,3072,3840,bf16_r,bf16_r,bf16_r,bf16_r,267044.000,247949.000,107.7
256,3072,4200,bf16_r,bf16_r,bf16_r,bf16_r,202089.000,205103.000,98.5
256,3072,6400,bf16_r,bf16_r,bf16_r,bf16_r,316620.000,309550.000,102.3
256,3072,7524,bf16_r,bf16_r,bf16_r,bf16_r,221533.000,248877.000,89.0
256,3072,19776,bf16_r,bf16_r,bf16_r,bf16_r,389198.000,416891.000,93.4
256,3072,48760,bf16_r,bf16_r,bf16_r,bf16_r,485092.000,483381.000,100.4
256,3264,3072,bf16_r,bf16_r,bf16_r,bf16_r,243207.000,225676.000,107.8
256,3840,3072,bf16_r,bf16_r,bf16_r,bf16_r,275373.000,258563.000,106.5
256,4200,3072,bf16_r,bf16_r,bf16_r,bf16_r,250823.000,230496.000,108.8
256,5120,1792,bf16_r,bf16_r,bf16_r,bf16_r,219799.000,238838.000,92.0
256,5692,1280,bf16_r,bf16_r,bf16_r,bf16_r,217798.000,224739.000,96.9
256,6400,3072,bf16_r,bf16_r,bf16_r,bf16_r,335767.000,313500.000,107.1
256,7524,3072,bf16_r,bf16_r,bf16_r,bf16_r,302921.000,289365.000,104.7
256,8224,1792,bf16_r,bf16_r,bf16_r,bf16_r,284069.000,266838.000,106.5
256,10240,256,bf16_r,bf16_r,bf16_r,bf16_r,96963.400,99634.200,97.3
256,19776,3072,bf16_r,bf16_r,bf16_r,bf16_r,472043.000,456353.000,103.4
256,20512,1280,bf16_r,bf16_r,bf16_r,bf16_r,443002.000,462464.000,95.8
256,26480,640,f32_r,f32_r,f32_r,f32_r,95476.300,99552.900,95.9
256,40960,512,bf16_r,bf16_r,bf16_r,bf16_r,488910.000,422925.000,115.6
256,48760,3072,bf16_r,bf16_r,bf16_r,bf16_r,911440.000,885086.000,103.0
256,57344,128,f32_r,f32_r,f32_r,f32_r,82074.600,84178.400,97.5
256,57600,384,bf16_r,bf16_r,bf16_r,bf16_r,547930.000,499103.000,109.8
256,59744,1792,bf16_r,bf16_r,bf16_r,bf16_r,955535.000,885184.000,107.9
256,65536,1280,bf16_r,bf16_r,bf16_r,bf16_r,962416.000,871886.000,110.4
256,66960,1024,f32_r,f32_r,f32_r,f32_r,117395.000,120865.000,97.1
256,68032,1280,bf16_r,bf16_r,bf16_r,bf16_r,586040.000,570579.000,102.7
256,114560,512,f32_r,f32_r,f32_r,f32_r,129766.000,130290.000,99.6
256,130880,1280,bf16_r,bf16_r,bf16_r,bf16_r,953965.000,891347.000,107.0
256,136080,1920,f32_r,f32_r,f32_r,f32_r,142971.000,142806.000,100.1
256,189360,512,f32_r,f32_r,f32_r,f32_r,132613.000,129306.000,102.6
256,194160,1024,f32_r,f32_r,f32_r,f32_r,137672.000,137486.000,100.1
256,245760,648,bf16_r,bf16_r,bf16_r,bf16_r,469739.000,544042.000,86.3
256,248960,1024,f32_r,f32_r,f32_r,f32_r,138811.000,139291.000,99.7
256,256000,256,f32_r,f32_r,f32_r,f32_r,118526.000,117915.000,100.5
256,296960,256,bf16_r,bf16_r,bf16_r,bf16_r,496929.000,488255.000,101.8
256,296960,512,bf16_r,bf16_r,bf16_r,bf16_r,719901.000,687195.000,104.8
256,450560,192,bf16_r,bf16_r,bf16_r,bf16_r,416128.000,479221.000,86.8
256,600640,640,f32_r,f32_r,f32_r,f32_r,131586.000,132056.000,99.6
256,640000,256,f32_r,f32_r,f32_r,f32_r,122449.000,124069.000,98.7
256,680960,256,bf16_r,bf16_r,bf16_r,bf16_r,467632.000,436566.000,107.1
256,680960,512,bf16_r,bf16_r,bf16_r,bf16_r,664259.000,640129.000,103.8
257,32,286720,bf16_r,bf16_r,bf16_r,bf16_r,41455.700,41939.700,98.8
257,160,286720,bf16_r,bf16_r,bf16_r,bf16_r,99345.600,102041.000,97.4
257,286720,32,bf16_r,bf16_r,bf16_r,bf16_r,37238.700,38338.500,97.1
257,286720,160,bf16_r,bf16_r,bf16_r,bf16_r,138716.000,147031.000,94.3
264,160,32,bf16_r,bf16_r,bf16_r,bf16_r,52986.500,53934.900,98.2
304,368640,624,bf16_r,bf16_r,bf16_r,bf16_r,300373.000,395388.000,76.0
316,160,3072,bf16_r,bf16_r,bf16_r,bf16_r,16828.400,19036.000,88.4
316,256,3072,bf16_r,bf16_r,bf16_r,bf16_r,28704.100,29428.600,97.5
316,320,3072,bf16_r,bf16_r,bf16_r,bf16_r,35031.700,37329.200,93.8
316,3072,160,bf16_r,bf16_r,bf16_r,bf16_r,22350.800,22170.600,100.8
316,3072,256,bf16_r,bf16_r,bf16_r,bf16_r,33638.200,34512.200,97.5
316,3072,320,bf16_r,bf16_r,bf16_r,bf16_r,42350.800,44016.100,96.2
320,125,3072,bf16_r,bf16_r,bf16_r,bf16_r,13761.000,15463.900,89.0
320,1792,112,bf16_r,bf16_r,bf16_r,bf16_r,9110.840,8865.590,102.8
320,1792,380,bf16_r,bf16_r,bf16_r,bf16_r,29651.400,30650.000,96.7
320,1792,804,bf16_r,bf16_r,bf16_r,bf16_r,59192.300,63119.600,93.8
320,1792,2352,bf16_r,bf16_r,bf16_r,bf16_r,81450.700,102529.000,79.4
320,1792,20224,bf16_r,bf16_r,bf16_r,bf16_r,397176.000,393662.000,100.9
320,3072,24,bf16_r,bf16_r,bf16_r,bf16_r,3591.490,3503.260,102.5
320,3072,125,bf16_r,bf16_r,bf16_r,bf16_r,17442.400,17928.500,97.3
320,3072,316,bf16_r,bf16_r,bf16_r,bf16_r,40715.400,44319.400,91.9
320,3072,440,bf16_r,bf16_r,bf16_r,bf16_r,60257.300,59747.900,100.9
320,3072,888,bf16_r,bf16_r,bf16_r,bf16_r,117586.000,122013.000,96.4
352,245760,3600,bf16_r,bf16_r,bf16_r,bf16_r,627980.000,802639.000,78.2
360,128,3072,bf16_r,bf16_r,bf16_r,bf16_r,16207.000,17546.200,92.4
360,240,3072,bf16_r,bf16_r,bf16_r,bf16_r,28758.600,31667.300,90.8
360,3072,128,bf16_r,bf16_r,bf16_r,bf16_r,20079.100,21149.600,94.9
360,3072,240,bf16_r,bf16_r,bf16_r,bf16_r,35082.000,35298.500,99.4
380,320,1792,bf16_r,bf16_r,bf16_r,bf16_r,22431.900,28567.000,78.5
380,1792,320,bf16_r,bf16_r,bf16_r,bf16_r,31749.900,31557.400,100.6
384,256,1280,f32_r,f32_r,f32_r,f32_r,16869.900,16597.800,101.6
384,384,1280,f32_r,f32_r,f32_r,f32_r,25890.700,24659.800,105.0
384,1280,256,f32_r,f32_r,f32_r,f32_r,16925.600,17663.000,95.8
384,1280,384,f32_r,f32_r,f32_r,f32_r,25577.500,27143.800,94.2
384,1280,1562,f32_r,f32_r,f32_r,f32_r,69389.900,72046.300,96.3
384,57600,256,bf16_r,bf16_r,bf16_r,bf16_r,274859.000,293627.000,93.6
384,245760,648,bf16_r,bf16_r,bf16_r,bf16_r,371592.000,462337.000,80.4
400,3072,512,bf16_r,bf16_r,bf16_r,bf16_r,80814.700,88119.100,91.7
424,286720,1872,bf16_r,bf16_r,bf16_r,bf16_r,508884.000,622361.000,81.8
440,128,3072,bf16_r,bf16_r,bf16_r,bf16_r,19888.300,20865.400,95.3
440,256,3072,bf16_r,bf16_r,bf16_r,bf16_r,38427.700,41418.200,92.8
440,320,3072,bf16_r,bf16_r,bf16_r,bf16_r,47772.400,53796.900,88.8
440,3072,128,bf16_r,bf16_r,bf16_r,bf16_r,24745.200,24855.100,99.6
440,3072,256,bf16_r,bf16_r,bf16_r,bf16_r,47505.100,49143.200,96.7
440,3072,320,bf16_r,bf16_r,bf16_r,bf16_r,57353.400,60008.900,95.6
480,3072,240,bf16_r,bf16_r,bf16_r,bf16_r,51440.400,47677.600,107.9
504,3072,256,bf16_r,bf16_r,bf16_r,bf16_r,58022.300,56924.900,101.9
512,1,1792,bf16_r,bf16_r,bf16_r,bf16_r,129.507,134.785,96.1
512,1,3072,bf16_r,bf16_r,bf16_r,bf16_r,211.008,220.651,95.6
512,120,3072,bf16_r,bf16_r,bf16_r,bf16_r,21223.000,23534.300,90.2
512,160,1792,bf16_r,bf16_r,bf16_r,bf16_r,15874.300,20688.400,76.7
512,160,3072,bf16_r,bf16_r,bf16_r,bf16_r,28218.900,31163.200,90.6
512,192,1280,bf16_r,bf16_r,bf16_r,bf16_r,16617.400,17808.600,93.3
512,256,114560,f32_r,f32_r,f32_r,f32_r,102040.000,108382.000,94.1
512,256,189360,f32_r,f32_r,f32_r,f32_r,108644.000,115757.000,93.9
512,400,3072,bf16_r,bf16_r,bf16_r,bf16_r,67262.400,80512.700,83.5
512,512,1280,f32_r,f32_r,f32_r,f32_r,42915.800,45542.200,94.2
512,1280,32,bf16_r,bf16_r,bf16_r,bf16_r,3180.360,3247.440,97.9
512,1280,60,bf16_r,bf16_r,bf16_r,bf16_r,5655.130,5933.240,95.3
512,1280,64,bf16_r,bf16_r,bf16_r,bf16_r,6236.700,6142.330,101.5
512,1280,72,bf16_r,bf16_r,bf16_r,bf16_r,7110.240,6879.040,103.4
512,1280,96,bf16_r,bf16_r,bf16_r,bf16_r,8920.440,9015.690,98.9
512,1280,120,bf16_r,bf16_r,bf16_r,bf16_r,11724.200,11661.600,100.5
512,1280,144,bf16_r,bf16_r,bf16_r,bf16_r,13249.700,13805.300,96.0
512,1280,160,bf16_r,bf16_r,bf16_r,bf16_r,15247.800,17108.100,89.1
512,1280,192,bf16_r,bf16_r,bf16_r,bf16_r,18057.400,18054.900,100.0
512,1280,240,bf16_r,bf16_r,bf16_r,bf16_r,22142.200,22577.500,98.1
512,1280,512,f32_r,f32_r,f32_r,f32_r,43556.700,44389.000,98.1
512,1280,1562,bf16_r,bf16_r,bf16_r,bf16_r,91536.100,98581.100,92.9
512,1280,1562,f32_r,f32_r,f32_r,f32_r,72372.600,75776.000,95.5
512,1562,1280,bf16_r,bf16_r,bf16_r,bf16_r,133687.000,141717.000,94.3
512,1792,1,bf16_r,bf16_r,bf16_r,bf16_r,150.189,138.061,108.8
512,1792,60,bf16_r,bf16_r,bf16_r,bf16_r,8215.350,8206.370,100.1
512,1792,64,bf16_r,bf16_r,bf16_r,bf16_r,9196.310,8662.510,106.2
512,1792,72,bf16_r,bf16_r,bf16_r,bf16_r,9861.190,9982.380,98.8
512,1792,96,bf16_r,bf16_r,bf16_r,bf16_r,12747.600,13052.200,97.7
512,1792,160,bf16_r,bf16_r,bf16_r,bf16_r,21404.000,21445.200,99.8
512,1792,2048,bf16_r,bf16_r,bf16_r,bf16_r,203042.000,202868.000,100.1
512,1792,2895,bf16_r,bf16_r,bf16_r,bf16_r,195717.000,191655.000,102.1
512,1880,3072,bf16_r,bf16_r,bf16_r,bf16_r,256363.000,248919.000,103.0
512,2895,1792,bf16_r,bf16_r,bf16_r,bf16_r,237516.000,247668.000,95.9
512,3072,1,bf16_r,bf16_r,bf16_r,bf16_r,227.682,225.355,101.0
512,3072,32,bf16_r,bf16_r,bf16_r,bf16_r,7608.540,7694.810,98.9
512,3072,64,bf16_r,bf16_r,bf16_r,bf16_r,14239.600,15422.600,92.3
512,3072,72,bf16_r,bf16_r,bf16_r,bf16_r,17306.400,16579.700,104.4
512,3072,96,bf16_r,bf16_r,bf16_r,bf16_r,24241.100,23403.900,103.6
512,3072,120,bf16_r,bf16_r,bf16_r,bf16_r,28634.100,27577.600,103.8
512,3072,128,bf16_r,bf16_r,bf16_r,bf16_r,28825.400,29164.900,98.8
512,3072,160,bf16_r,bf16_r,bf16_r,bf16_r,35189.100,37428.500,94.0
512,3072,192,bf16_r,bf16_r,bf16_r,bf16_r,42308.100,45978.800,92.0
512,3072,240,bf16_r,bf16_r,bf16_r,bf16_r,51788.700,55323.600,93.6
512,3072,256,bf16_r,bf16_r,bf16_r,bf16_r,59322.400,59658.000,99.4
512,3072,400,bf16_r,bf16_r,bf16_r,bf16_r,79966.200,90347.400,88.5
512,3072,1880,bf16_r,bf16_r,bf16_r,bf16_r,228108.000,259406.000,87.9
512,3072,2048,bf16_r,bf16_r,bf16_r,bf16_r,284122.000,273439.000,103.9
512,3072,3000,bf16_r,bf16_r,bf16_r,bf16_r,196666.000,259467.000,75.8
512,40960,256,bf16_r,bf16_r,bf16_r,bf16_r,248571.000,286620.000,86.7
512,114560,256,f32_r,f32_r,f32_r,f32_r,121535.000,123977.000,98.0
512,189360,256,f32_r,f32_r,f32_r,f32_r,118864.000,120015.000,99.0
512,296960,256,bf16_r,bf16_r,bf16_r,bf16_r,449367.000,495922.000,90.6
512,680960,256,bf16_r,bf16_r,bf16_r,bf16_r,590645.000,643279.000,91.8
618,54,368640,bf16_r,bf16_r,bf16_r,bf16_r,134547.000,138198.000,97.4
618,120,32,bf16_r,bf16_r,bf16_r,bf16_r,61029.300,61373.400,99.4
618,304,368640,bf16_r,bf16_r,bf16_r,bf16_r,267966.000,311458.000,86.0
618,368640,54,bf16_r,bf16_r,bf16_r,bf16_r,59781.400,72577.500,82.4
618,368640,304,bf16_r,bf16_r,bf16_r,bf16_r,233535.000,278763.000,83.8
640,256,26480,f32_r,f32_r,f32_r,f32_r,86441.800,92846.200,93.1
640,256,600640,f32_r,f32_r,f32_r,f32_r,120047.000,123587.000,97.1
640,640,1280,f32_r,f32_r,f32_r,f32_r,58945.600,58837.600,100.2
640,1280,640,f32_r,f32_r,f32_r,f32_r,63708.000,64414.700,98.9
640,1280,1562,f32_r,f32_r,f32_r,f32_r,78409.000,79256.500,98.9
640,26480,256,f32_r,f32_r,f32_r,f32_r,92783.500,96369.100,96.3
640,600640,256,f32_r,f32_r,f32_r,f32_r,130923.000,136798.000,95.7
641,192,32,bf16_r,bf16_r,bf16_r,bf16_r,53892.200,54105.600,99.6
641,256,245760,bf16_r,bf16_r,bf16_r,bf16_r,321109.000,320933.000,100.1
641,384,245760,bf16_r,bf16_r,bf16_r,bf16_r,321027.000,324757.000,98.9
641,245760,256,bf16_r,bf16_r,bf16_r,bf16_r,257441.000,275062.000,93.6
641,245760,384,bf16_r,bf16_r,bf16_r,bf16_r,321914.000,357637.000,90.0
768,256,1280,f32_r,f32_r,f32_r,f32_r,32813.300,34126.700,96.2
768,256,3072,bf16_r,bf16_r,bf16_r,bf16_r,65021.400,72861.700,89.2
768,768,1280,f32_r,f32_r,f32_r,f32_r,61308.300,60591.600,101.2
768,1280,256,f32_r,f32_r,f32_r,f32_r,35038.900,33509.000,104.6
768,1280,768,f32_r,f32_r,f32_r,f32_r,78037.000,80274.200,97.2
768,1280,1562,f32_r,f32_r,f32_r,f32_r,89703.900,89586.500,100.1
768,2048,3072,bf16_r,bf16_r,bf16_r,bf16_r,312454.000,301244.000,103.7
768,2560,3072,bf16_r,bf16_r,bf16_r,bf16_r,305774.000,302687.000,101.0
768,3072,256,bf16_r,bf16_r,bf16_r,bf16_r,84022.000,82287.100,102.1
768,3072,2048,bf16_r,bf16_r,bf16_r,bf16_r,306834.000,288972.000,106.2
768,3072,2560,bf16_r,bf16_r,bf16_r,bf16_r,348888.000,328458.000,106.2
768,3072,3840,bf16_r,bf16_r,bf16_r,bf16_r,388998.000,379386.000,102.5
768,3072,4480,bf16_r,bf16_r,bf16_r,bf16_r,400115.000,406682.000,98.4
768,3072,5120,bf16_r,bf16_r,bf16_r,bf16_r,435766.000,426404.000,102.2
768,4480,3072,bf16_r,bf16_r,bf16_r,bf16_r,418608.000,414583.000,101.0
804,160,1792,bf16_r,bf16_r,bf16_r,bf16_r,20548.500,29259.700,70.2
804,320,1792,bf16_r,bf16_r,bf16_r,bf16_r,46159.800,60196.000,76.7
804,1792,160,bf16_r,bf16_r,bf16_r,bf16_r,32621.800,33826.400,96.4
804,1792,320,bf16_r,bf16_r,bf16_r,bf16_r,61526.200,64862.500,94.9
840,3072,256,bf16_r,bf16_r,bf16_r,bf16_r,89511.400,96179.500,93.1
888,160,3072,bf16_r,bf16_r,bf16_r,bf16_r,45110.500,55216.300,81.7
888,256,3072,bf16_r,bf16_r,bf16_r,bf16_r,77452.800,89047.900,87.0
888,320,3072,bf16_r,bf16_r,bf16_r,bf16_r,93551.600,107384.000,87.1
888,3072,160,bf16_r,bf16_r,bf16_r,bf16_r,61491.200,59797.700,102.8
888,3072,256,bf16_r,bf16_r,bf16_r,bf16_r,92340.400,94076.600,98.2
888,3072,320,bf16_r,bf16_r,bf16_r,bf16_r,108970.000,117110.000,93.0
1024,1,3072,bf16_r,bf16_r,bf16_r,bf16_r,437.596,400.259,109.3
1024,256,66960,f32_r,f32_r,f32_r,f32_r,128140.000,133891.000,95.7
1024,256,194160,f32_r,f32_r,f32_r,f32_r,123880.000,135381.000,91.5
1024,256,248960,f32_r,f32_r,f32_r,f32_r,124840.000,136523.000,91.4
1024,1024,1280,f32_r,f32_r,f32_r,f32_r,92708.800,90871.000,102.0
1024,1280,1024,f32_r,f32_r,f32_r,f32_r,97018.300,92338.000,105.1
1024,1280,1562,bf16_r,bf16_r,bf16_r,bf16_r,171509.000,185906.000,92.3
1024,1280,1562,f32_r,f32_r,f32_r,f32_r,92803.200,99451.500,93.3
1024,1280,5632,bf16_r,bf16_r,bf16_r,bf16_r,332313.000,359646.000,92.4
1024,1280,20512,bf16_r,bf16_r,bf16_r,bf16_r,393320.000,436846.000,90.0
1024,1280,68032,bf16_r,bf16_r,bf16_r,bf16_r,742684.000,724199.000,102.6
1024,1280,130880,bf16_r,bf16_r,bf16_r,bf16_r,774850.000,781350.000,99.2
1024,1792,2895,bf16_r,bf16_r,bf16_r,bf16_r,302032.000,295742.000,102.1
1024,1792,8224,bf16_r,bf16_r,bf16_r,bf16_r,415264.000,442679.000,93.8
1024,1792,13184,bf16_r,bf16_r,bf16_r,bf16_r,575058.000,545249.000,105.5
1024,1792,59744,bf16_r,bf16_r,bf16_r,bf16_r,661601.000,767943.000,86.2
1024,1792,64704,bf16_r,bf16_r,bf16_r,bf16_r,782263.000,778012.000,100.5
1024,2048,3072,bf16_r,bf16_r,bf16_r,bf16_r,297562.000,296684.000,100.3
1024,3072,1,bf16_r,bf16_r,bf16_r,bf16_r,476.316,452.026,105.4
1024,3072,2048,bf16_r,bf16_r,bf16_r,bf16_r,520429.000,466765.000,111.5
1024,3072,4800,bf16_r,bf16_r,bf16_r,bf16_r,514127.000,538243.000,95.5
1024,3072,18992,bf16_r,bf16_r,bf16_r,bf16_r,498853.000,578660.000,86.2
1024,4800,3072,bf16_r,bf16_r,bf16_r,bf16_r,397706.000,386525.000,102.9
1024,5632,1280,bf16_r,bf16_r,bf16_r,bf16_r,516590.000,500810.000,103.2
1024,8224,1792,bf16_r,bf16_r,bf16_r,bf16_r,716605.000,700200.000,102.3
1024,13184,1792,bf16_r,bf16_r,bf16_r,bf16_r,985112.000,993598.000,99.1
1024,20512,1280,bf16_r,bf16_r,bf16_r,bf16_r,573945.000,642757.000,89.3
1024,59744,1792,bf16_r,bf16_r,bf16_r,bf16_r,1164620.000,1178020.000,98.9
1024,64704,1792,bf16_r,bf16_r,bf16_r,bf16_r,1204670.000,1222910.000,98.5
1024,66960,256,f32_r,f32_r,f32_r,f32_r,121884.000,124857.000,97.6
1024,68032,1280,bf16_r,bf16_r,bf16_r,bf16_r,896452.000,945011.000,94.9
1024,130880,1280,bf16_r,bf16_r,bf16_r,bf16_r,1223530.000,1198280.000,102.1
1024,194160,256,f32_r,f32_r,f32_r,f32_r,124291.000,127932.000,97.2
1024,248960,256,f32_r,f32_r,f32_r,f32_r,130997.000,133313.000,98.3
1025,245760,2126,bf16_r,bf16_r,bf16_r,bf16_r,687131.000,901291.000,76.2
1032,245760,4096,bf16_r,bf16_r,bf16_r,bf16_r,1142550.000,1242870.000,91.9
1219,57,491520,bf16_r,bf16_r,bf16_r,bf16_r,213179.000,225715.000,94.4
1219,160,40,bf16_r,bf16_r,bf16_r,bf16_r,77574.100,92228.600,84.1
1219,208,491520,bf16_r,bf16_r,bf16_r,bf16_r,323856.000,337486.000,96.0
1219,491520,208,bf16_r,bf16_r,bf16_r,bf16_r,235729.000,373974.000,63.0
1224,491520,64,bf16_r,bf16_r,bf16_r,bf16_r,64163.600,64988.700,98.7
1280,1562,512,bf16_r,bf16_r,bf16_r,bf16_r,133073.000,139411.000,95.5
1280,1562,2048,bf16_r,bf16_r,bf16_r,bf16_r,346067.000,350165.000,98.8
1280,1568,512,bf16_r,bf16_r,bf16_r,bf16_r,134983.000,141365.000,95.5
1320,128,3072,bf16_r,bf16_r,bf16_r,bf16_r,57103.700,68320.800,83.6
1320,240,3072,bf16_r,bf16_r,bf16_r,bf16_r,88282.500,96008.800,92.0
1320,3072,128,bf16_r,bf16_r,bf16_r,bf16_r,70866.900,73908.900,95.9
1320,3072,240,bf16_r,bf16_r,bf16_r,bf16_r,102557.000,110930.000,92.5
1536,1280,5692,bf16_r,bf16_r,bf16_r,bf16_r,254787.000,303612.000,83.9
1536,1792,3200,bf16_r,bf16_r,bf16_r,bf16_r,423280.000,426889.000,99.2
1536,3072,3264,bf16_r,bf16_r,bf16_r,bf16_r,413227.000,407234.000,101.5
1536,3072,4200,bf16_r,bf16_r,bf16_r,bf16_r,420510.000,426396.000,98.6
1536,3072,19776,bf16_r,bf16_r,bf16_r,bf16_r,1048070.000,978094.000,107.2
1536,3072,48760,bf16_r,bf16_r,bf16_r,bf16_r,825793.000,889921.000,92.8
1536,3200,1792,bf16_r,bf16_r,bf16_r,bf16_r,482413.000,466105.000,103.5
1562,384,1280,f32_r,f32_r,f32_r,f32_r,59401.400,64556.700,92.0
1562,512,1280,bf16_r,bf16_r,bf16_r,bf16_r,132990.000,140425.000,94.7
1562,512,1280,f32_r,f32_r,f32_r,f32_r,72406.100,71234.300,101.6
1562,640,1280,f32_r,f32_r,f32_r,f32_r,87756.900,86402.400,101.6
1562,768,1280,f32_r,f32_r,f32_r,f32_r,86350.200,89509.600,96.5
1562,1024,1280,bf16_r,bf16_r,bf16_r,bf16_r,222237.000,248118.000,89.6
1562,1024,1280,f32_r,f32_r,f32_r,f32_r,89019.000,89963.700,98.9
1562,1280,512,bf16_r,bf16_r,bf16_r,bf16_r,132716.000,140354.000,94.6
1562,1664,1280,f32_r,f32_r,f32_r,f32_r,88535.100,93158.600,95.0
1562,1920,1280,f32_r,f32_r,f32_r,f32_r,100400.000,102423.000,98.0
1562,2048,1280,bf16_r,bf16_r,bf16_r,bf16_r,347662.000,352926.000,98.5
1664,256,1280,f32_r,f32_r,f32_r,f32_r,61384.000,62712.800,97.9
1664,1280,256,f32_r,f32_r,f32_r,f32_r,65262.100,68144.500,95.8
1664,1280,1562,f32_r,f32_r,f32_r,f32_r,85590.500,91236.100,93.8
1664,1280,1664,f32_r,f32_r,f32_r,f32_r,81667.600,87002.300,93.9
1664,1664,1280,f32_r,f32_r,f32_r,f32_r,93144.800,96007.800,97.0
1792,2895,512,bf16_r,bf16_r,bf16_r,bf16_r,269598.000,286922.000,94.0
1792,2895,2048,bf16_r,bf16_r,bf16_r,bf16_r,463906.000,517430.000,89.7
1792,2896,512,bf16_r,bf16_r,bf16_r,bf16_r,232161.000,241092.000,96.3
1800,256,3072,bf16_r,bf16_r,bf16_r,bf16_r,125514.000,131198.000,95.7
1800,3072,256,bf16_r,bf16_r,bf16_r,bf16_r,164124.000,164332.000,99.9
1867,160,32,bf16_r,bf16_r,bf16_r,bf16_r,70723.200,75478.600,93.7
1867,417,286720,bf16_r,bf16_r,bf16_r,bf16_r,545360.000,587930.000,92.8
1867,286720,417,bf16_r,bf16_r,bf16_r,bf16_r,331755.000,535667.000,61.9
1880,512,3072,bf16_r,bf16_r,bf16_r,bf16_r,230301.000,230747.000,99.8
1880,2048,3072,bf16_r,bf16_r,bf16_r,bf16_r,487356.000,490776.000,99.3
1880,3072,512,bf16_r,bf16_r,bf16_r,bf16_r,257266.000,259581.000,99.1
1880,3072,2048,bf16_r,bf16_r,bf16_r,bf16_r,332961.000,319701.000,104.1
1920,256,136080,f32_r,f32_r,f32_r,f32_r,135089.000,140602.000,96.1
1920,1280,1562,f32_r,f32_r,f32_r,f32_r,95741.000,99735.300,96.0
1920,1280,1920,f32_r,f32_r,f32_r,f32_r,88141.000,97977.000,90.0
1920,1920,1280,f32_r,f32_r,f32_r,f32_r,111645.000,110962.000,100.6
1920,3072,2048,bf16_r,bf16_r,bf16_r,bf16_r,336257.000,333299.000,100.9
1920,136080,256,f32_r,f32_r,f32_r,f32_r,130085.000,134149.000,97.0
2048,32,3072,bf16_r,bf16_r,bf16_r,bf16_r,27620.300,29196.600,94.6
2048,128,1792,bf16_r,bf16_r,bf16_r,bf16_r,56202.400,65249.100,86.1
2048,160,1792,bf16_r,bf16_r,bf16_r,bf16_r,64996.400,76972.100,84.4
2048,160,3072,bf16_r,bf16_r,bf16_r,bf16_r,99503.400,118230.000,84.2
2048,192,1280,bf16_r,bf16_r,bf16_r,bf16_r,68027.200,71345.500,95.3
2048,512,1792,bf16_r,bf16_r,bf16_r,bf16_r,212104.000,256544.000,82.7
2048,512,3072,bf16_r,bf16_r,bf16_r,bf16_r,221638.000,229193.000,96.7
2048,768,3072,bf16_r,bf16_r,bf16_r,bf16_r,297006.000,291971.000,101.7
2048,1024,3072,bf16_r,bf16_r,bf16_r,bf16_r,291733.000,298900.000,97.6
2048,1280,192,bf16_r,bf16_r,bf16_r,bf16_r,67533.600,69543.100,97.1
2048,1280,1562,bf16_r,bf16_r,bf16_r,bf16_r,210930.000,273900.000,77.0
2048,1280,20512,bf16_r,bf16_r,bf16_r,bf16_r,648820.000,723391.000,89.7
2048,1280,68032,bf16_r,bf16_r,bf16_r,bf16_r,872495.000,982473.000,88.8
2048,1280,130880,bf16_r,bf16_r,bf16_r,bf16_r,1006760.000,1166440.000,86.3
2048,1792,128,bf16_r,bf16_r,bf16_r,bf16_r,68889.300,68593.600,100.4
2048,1792,160,bf16_r,bf16_r,bf16_r,bf16_r,82843.300,85860.400,96.5
2048,1792,512,bf16_r,bf16_r,bf16_r,bf16_r,238195.000,246782.000,96.5
2048,1792,2895,bf16_r,bf16_r,bf16_r,bf16_r,325638.000,328228.000,99.2
2048,1792,8224,bf16_r,bf16_r,bf16_r,bf16_r,536914.000,644792.000,83.3
2048,1792,59744,bf16_r,bf16_r,bf16_r,bf16_r,740889.000,948609.000,78.1
2048,1920,3072,bf16_r,bf16_r,bf16_r,bf16_r,441456.000,462650.000,95.4
2048,3072,32,bf16_r,bf16_r,bf16_r,bf16_r,29874.700,30739.700,97.2
2048,3072,160,bf16_r,bf16_r,bf16_r,bf16_r,151232.000,160793.000,94.1
2048,3072,512,bf16_r,bf16_r,bf16_r,bf16_r,356565.000,364623.000,97.8
2048,3072,768,bf16_r,bf16_r,bf16_r,bf16_r,517979.000,513775.000,100.8
2048,3072,1024,bf16_r,bf16_r,bf16_r,bf16_r,583353.000,591878.000,98.6
2048,3072,1880,bf16_r,bf16_r,bf16_r,bf16_r,467893.000,529194.000,88.4
2048,3072,1920,bf16_r,bf16_r,bf16_r,bf16_r,656219.000,705601.000,93.0
2048,3072,2560,bf16_r,bf16_r,bf16_r,bf16_r,515091.000,474390.000,108.6
2048,3072,3840,bf16_r,bf16_r,bf16_r,bf16_r,638661.000,621064.000,102.8
2048,3072,4480,bf16_r,bf16_r,bf16_r,bf16_r,686876.000,680646.000,100.9
2048,3840,3072,bf16_r,bf16_r,bf16_r,bf16_r,612910.000,599936.000,102.2
2126,192,32,bf16_r,bf16_r,bf16_r,bf16_r,85592.100,89038.200,96.1
2126,1025,245760,bf16_r,bf16_r,bf16_r,bf16_r,787989.000,842593.000,93.5
2126,245760,1025,bf16_r,bf16_r,bf16_r,bf16_r,578496.000,810939.000,71.3
2304,1280,9600,bf16_r,bf16_r,bf16_r,bf16_r,408144.000,516780.000,79.0
2304,9600,1280,bf16_r,bf16_r,bf16_r,bf16_r,654769.000,671523.000,97.5
2352,128,1792,bf16_r,bf16_r,bf16_r,bf16_r,57377.200,72180.800,79.5
2352,320,1792,bf16_r,bf16_r,bf16_r,bf16_r,140724.000,180124.000,78.1
2352,1792,128,bf16_r,bf16_r,bf16_r,bf16_r,74609.700,71421.500,104.5
2352,1792,320,bf16_r,bf16_r,bf16_r,bf16_r,148676.000,152665.000,97.4
2560,768,3072,bf16_r,bf16_r,bf16_r,bf16_r,295699.000,306040.000,96.6
2560,2048,3072,bf16_r,bf16_r,bf16_r,bf16_r,424333.000,412711.000,102.8
2560,3072,768,bf16_r,bf16_r,bf16_r,bf16_r,615836.000,621408.000,99.1
2560,3072,2048,bf16_r,bf16_r,bf16_r,bf16_r,469333.000,453262.000,103.5
2722,256,3072,bf16_r,bf16_r,bf16_r,bf16_r,149470.000,160413.000,93.2
2722,3072,256,bf16_r,bf16_r,bf16_r,bf16_r,174994.000,176869.000,98.9
2895,512,1792,bf16_r,bf16_r,bf16_r,bf16_r,276333.000,296453.000,93.2
2895,1024,1792,bf16_r,bf16_r,bf16_r,bf16_r,394738.000,399576.000,98.8
2895,1792,512,bf16_r,bf16_r,bf16_r,bf16_r,232999.000,233102.000,100.0
2895,2048,1792,bf16_r,bf16_r,bf16_r,bf16_r,548413.000,554957.000,98.8
3000,512,3072,bf16_r,bf16_r,bf16_r,bf16_r,268079.000,271275.000,98.8
3000,3072,512,bf16_r,bf16_r,bf16_r,bf16_r,298241.000,295014.000,101.1
3200,1536,1792,bf16_r,bf16_r,bf16_r,bf16_r,491335.000,490855.000,100.1
3200,1792,1536,bf16_r,bf16_r,bf16_r,bf16_r,484976.000,496118.000,97.8
3200,1792,13184,bf16_r,bf16_r,bf16_r,bf16_r,905801.000,962288.000,94.1
3200,1792,20480,bf16_r,bf16_r,bf16_r,bf16_r,1003390.000,1002790.000,100.1
3200,1792,64704,bf16_r,bf16_r,bf16_r,bf16_r,962298.000,1180730.000,81.5
3200,20480,1792,bf16_r,bf16_r,bf16_r,bf16_r,925118.000,1024650.000,90.3
3264,1536,3072,bf16_r,bf16_r,bf16_r,bf16_r,403431.000,412239.000,97.9
3264,3072,256,bf16_r,bf16_r,bf16_r,bf16_r,219115.000,220902.000,99.2
3264,3072,1536,bf16_r,bf16_r,bf16_r,bf16_r,563019.000,576210.000,97.7
3595,352,245760,bf16_r,bf16_r,bf16_r,bf16_r,513872.000,534114.000,96.2
3595,245760,352,bf16_r,bf16_r,bf16_r,bf16_r,465575.000,633706.000,73.5
3840,768,3072,bf16_r,bf16_r,bf16_r,bf16_r,367482.000,383020.000,95.9
3840,1280,5692,bf16_r,bf16_r,bf16_r,bf16_r,314508.000,419323.000,75.0
3840,3072,256,bf16_r,bf16_r,bf16_r,bf16_r,369427.000,373301.000,99.0
3840,3072,768,bf16_r,bf16_r,bf16_r,bf16_r,694244.000,695327.000,99.8
3840,3072,2048,bf16_r,bf16_r,bf16_r,bf16_r,959876.000,981131.000,97.8
4090,192,32,bf16_r,bf16_r,bf16_r,bf16_r,42602.000,43504.800,97.9
4090,1025,245760,bf16_r,bf16_r,bf16_r,bf16_r,940315.000,1059180.000,88.8
4096,245760,1032,bf16_r,bf16_r,bf16_r,bf16_r,764480.000,1004390.000,76.1
4200,1536,3072,bf16_r,bf16_r,bf16_r,bf16_r,488027.000,467957.000,104.3
4200,3072,256,bf16_r,bf16_r,bf16_r,bf16_r,229462.000,225954.000,101.6
4200,3072,1536,bf16_r,bf16_r,bf16_r,bf16_r,705538.000,702975.000,100.4
4480,768,3072,bf16_r,bf16_r,bf16_r,bf16_r,465330.000,486208.000,95.7
4480,2048,3072,bf16_r,bf16_r,bf16_r,bf16_r,733917.000,713892.000,102.8
4480,3072,768,bf16_r,bf16_r,bf16_r,bf16_r,504750.000,500866.000,100.8
4480,3072,2048,bf16_r,bf16_r,bf16_r,bf16_r,837620.000,855334.000,97.9
4800,1024,3072,bf16_r,bf16_r,bf16_r,bf16_r,337350.000,339715.000,99.3
4800,3072,1024,bf16_r,bf16_r,bf16_r,bf16_r,619733.000,627122.000,98.8
5120,256,1792,bf16_r,bf16_r,bf16_r,bf16_r,214410.000,235275.000,91.1
5120,768,3072,bf16_r,bf16_r,bf16_r,bf16_r,449394.000,473576.000,94.9
5120,1792,256,bf16_r,bf16_r,bf16_r,bf16_r,189583.000,192573.000,98.4
5120,3072,768,bf16_r,bf16_r,bf16_r,bf16_r,840061.000,842542.000,99.7
5632,1024,1280,bf16_r,bf16_r,bf16_r,bf16_r,402522.000,420334.000,95.8
5632,1280,1024,bf16_r,bf16_r,bf16_r,bf16_r,614452.000,623319.000,98.6
5632,1280,9600,bf16_r,bf16_r,bf16_r,bf16_r,964902.000,969811.000,99.5
5632,9600,1280,bf16_r,bf16_r,bf16_r,bf16_r,857847.000,903796.000,94.9
5692,256,1280,bf16_r,bf16_r,bf16_r,bf16_r,168113.000,181728.000,92.5
5692,1280,256,bf16_r,bf16_r,bf16_r,bf16_r,159905.000,163449.000,97.8
5692,1280,1536,bf16_r,bf16_r,bf16_r,bf16_r,554297.000,585595.000,94.7
5692,1280,3840,bf16_r,bf16_r,bf16_r,bf16_r,613295.000,626864.000,97.8
5692,1536,1280,bf16_r,bf16_r,bf16_r,bf16_r,455067.000,451776.000,100.7
5692,3840,1280,bf16_r,bf16_r,bf16_r,bf16_r,548748.000,578035.000,94.9
6400,3072,256,bf16_r,bf16_r,bf16_r,bf16_r,226944.000,311084.000,73.0
7524,256,3072,bf16_r,bf16_r,bf16_r,bf16_r,307091.000,317256.000,96.8
7524,3072,256,bf16_r,bf16_r,bf16_r,bf16_r,227614.000,246954.000,92.2
8192,256,1280,bf16_r,bf16_r,bf16_r,bf16_r,311824.000,341270.000,91.4
8192,1280,256,bf16_r,bf16_r,bf16_r,bf16_r,332913.000,345048.000,96.5
8224,1792,256,bf16_r,bf16_r,bf16_r,bf16_r,263164.000,264245.000,99.6
8224,1792,1024,bf16_r,bf16_r,bf16_r,bf16_r,645785.000,653562.000,98.8
8224,1792,2048,bf16_r,bf16_r,bf16_r,bf16_r,832855.000,884109.000,94.2
8224,2048,1792,bf16_r,bf16_r,bf16_r,bf16_r,571605.000,591214.000,96.7
9600,1280,2304,bf16_r,bf16_r,bf16_r,bf16_r,795040.000,812620.000,97.8
9600,1280,5632,bf16_r,bf16_r,bf16_r,bf16_r,1011280.000,1053940.000,96.0
9600,1280,98304,bf16_r,bf16_r,bf16_r,bf16_r,1095140.000,1337730.000,81.9
9600,2304,1280,bf16_r,bf16_r,bf16_r,bf16_r,563774.000,590647.000,95.5
9600,98304,1280,bf16_r,bf16_r,bf16_r,bf16_r,1168570.000,1324270.000,88.2
13184,1024,1792,bf16_r,bf16_r,bf16_r,bf16_r,788713.000,777528.000,101.4
13184,1792,1024,bf16_r,bf16_r,bf16_r,bf16_r,442490.000,452198.000,97.9
13184,1792,3200,bf16_r,bf16_r,bf16_r,bf16_r,827130.000,897243.000,92.2
13184,3200,1792,bf16_r,bf16_r,bf16_r,bf16_r,968790.000,1004940.000,96.4
18992,1024,3072,bf16_r,bf16_r,bf16_r,bf16_r,796413.000,797427.000,99.9
18992,3072,1024,bf16_r,bf16_r,bf16_r,bf16_r,874302.000,906087.000,96.5
19776,1536,3072,bf16_r,bf16_r,bf16_r,bf16_r,1136240.000,1169790.000,97.1
19776,3072,256,bf16_r,bf16_r,bf16_r,bf16_r,437087.000,458309.000,95.4
19776,3072,1536,bf16_r,bf16_r,bf16_r,bf16_r,1034160.000,1094340.000,94.5
20224,128,1792,bf16_r,bf16_r,bf16_r,bf16_r,284040.000,302499.000,93.9
20224,320,1792,bf16_r,bf16_r,bf16_r,bf16_r,530913.000,540669.000,98.2
20224,1792,128,bf16_r,bf16_r,bf16_r,bf16_r,186179.000,189302.000,98.4
20224,1792,320,bf16_r,bf16_r,bf16_r,bf16_r,339627.000,362864.000,93.6
20480,1792,3200,bf16_r,bf16_r,bf16_r,bf16_r,1036570.000,1087110.000,95.4
20512,1280,256,bf16_r,bf16_r,bf16_r,bf16_r,257041.000,269336.000,95.4
20512,1280,1024,bf16_r,bf16_r,bf16_r,bf16_r,723133.000,731245.000,98.9
20512,1280,2048,bf16_r,bf16_r,bf16_r,bf16_r,893759.000,910056.000,98.2
20512,2048,1280,bf16_r,bf16_r,bf16_r,bf16_r,881637.000,898429.000,98.1
48760,1536,3072,bf16_r,bf16_r,bf16_r,bf16_r,1067800.000,1140270.000,93.6
48760,3072,256,bf16_r,bf16_r,bf16_r,bf16_r,414381.000,519547.000,79.8
48760,3072,1536,bf16_r,bf16_r,bf16_r,bf16_r,1099490.000,1184910.000,92.8
49152,256,1280,bf16_r,bf16_r,bf16_r,bf16_r,710832.000,784702.000,90.6
49152,1280,256,bf16_r,bf16_r,bf16_r,bf16_r,501289.000,523097.000,95.8
59744,1792,256,bf16_r,bf16_r,bf16_r,bf16_r,278862.000,408660.000,68.2
59744,1792,1024,bf16_r,bf16_r,bf16_r,bf16_r,906007.000,964411.000,93.9
59744,1792,2048,bf16_r,bf16_r,bf16_r,bf16_r,1082640.000,1151470.000,94.0
59744,2048,1792,bf16_r,bf16_r,bf16_r,bf16_r,1044180.000,1093790.000,95.5
64704,1024,1792,bf16_r,bf16_r,bf16_r,bf16_r,1070980.000,1103720.000,97.0
64704,1792,1024,bf16_r,bf16_r,bf16_r,bf16_r,1042010.000,1077980.000,96.7
64704,1792,3200,bf16_r,bf16_r,bf16_r,bf16_r,1277120.000,1358010.000,94.0
64704,3200,1792,bf16_r,bf16_r,bf16_r,bf16_r,1143960.000,1290840.000,88.6
65536,1280,256,bf16_r,bf16_r,bf16_r,bf16_r,521177.000,589272.000,88.4
68032,1280,256,bf16_r,bf16_r,bf16_r,bf16_r,290198.000,402143.000,72.2
68032,1280,1024,bf16_r,bf16_r,bf16_r,bf16_r,779237.000,793614.000,98.2
68032,1280,2048,bf16_r,bf16_r,bf16_r,bf16_r,971937.000,1022960.000,95.0
68032,2048,1280,bf16_r,bf16_r,bf16_r,bf16_r,1007690.000,1059510.000,95.1
98304,1280,9600,bf16_r,bf16_r,bf16_r,bf16_r,1250480.000,1476230.000,84.7
130880,1280,256,bf16_r,bf16_r,bf16_r,bf16_r,437112.000,475387.000,91.9
130880,1280,1024,bf16_r,bf16_r,bf16_r,bf16_r,1026070.000,1079900.000,95.0
130880,1280,2048,bf16_r,bf16_r,bf16_r,bf16_r,1196340.000,1256260.000,95.2
130880,2048,1280,bf16_r,bf16_r,bf16_r,bf16_r,1196460.000,1238630.000,96.6
