shape_signature,dtype,head_size,block_size,num_seqs,total_q,max_seqlen_q,max_seqlen_k,sliding_window,triton_latency_ms,ckdsl_latency_ms,speedup_triton_over_ckdsl,ckdsl_correct_max_abs,ckdsl_policy,cap_blocks
d64_b32_h64kv8_q1000_k1000_ns1_tq1000_sw128_sc0_sinks1_bfloat16,torch.bfloat16,64,32,1,1000,1000,1000,128,0.029661118984222412,0.021172239780426025,1.4009,0.003906,production_dispatch,65536
d64_b32_h64kv8_q1000_k1000_ns1_tq1000_sw0_sc0_sinks1_bfloat16,torch.bfloat16,64,32,1,1000,1000,1000,0,0.0354748010635376,0.040644478797912595,0.8728,0.003906,production_dispatch,65536
d64_b32_h64kv8_q1000_k1002_ns10_tq8192_sw128_sc0_sinks1_bfloat16,torch.bfloat16,64,32,10,8192,1000,1002,128,0.10782843589782715,0.101520357131958,1.0621,0.007812,production_dispatch,65536
d64_b32_h64kv8_q1000_k1002_ns10_tq8192_sw0_sc0_sinks1_bfloat16,torch.bfloat16,64,32,10,8192,1000,1002,0,0.2180672836303711,0.23201623916625977,0.9399,0.000977,production_dispatch,65536
d64_b32_h64kv8_q1000_k1003_ns18_tq8192_sw128_sc0_sinks1_bfloat16,torch.bfloat16,64,32,18,8192,1000,1003,128,0.1000947380065918,0.10613801956176758,0.9431,0.007812,production_dispatch,65536
d64_b32_h64kv8_q1000_k1003_ns18_tq8192_sw0_sc0_sinks1_bfloat16,torch.bfloat16,64,32,18,8192,1000,1003,0,0.25430450439453123,0.26857345581054687,0.9469,0.000977,production_dispatch,65536
d64_b32_h64kv8_q1000_k1004_ns26_tq8192_sw128_sc0_sinks1_bfloat16,torch.bfloat16,64,32,26,8192,1000,1004,128,0.09922993659973145,0.10410597801208496,0.9532,0.007812,production_dispatch,65536
d64_b32_h64kv8_q1000_k1004_ns26_tq8192_sw0_sc0_sinks1_bfloat16,torch.bfloat16,64,32,26,8192,1000,1004,0,0.26534381866455076,0.28880010604858397,0.9188,0.000977,production_dispatch,65536
d64_b32_h64kv8_q1000_k1005_ns34_tq8192_sw128_sc0_sinks1_bfloat16,torch.bfloat16,64,32,34,8192,1000,1005,128,0.10822524070739746,0.10824604034423828,0.9998,0.007812,production_dispatch,65536
d64_b32_h64kv8_q1000_k1005_ns34_tq8192_sw0_sc0_sinks1_bfloat16,torch.bfloat16,64,32,34,8192,1000,1005,0,0.2844192314147949,0.3007162475585938,0.9458,0.000977,production_dispatch,65536
d64_b32_h64kv8_q1000_k1006_ns42_tq8192_sw128_sc0_sinks1_bfloat16,torch.bfloat16,64,32,42,8192,1000,1006,128,0.10385157585144043,0.10759242057800293,0.9652,0.007812,production_dispatch,65536
d64_b32_h64kv8_q1000_k1006_ns42_tq8192_sw0_sc0_sinks1_bfloat16,torch.bfloat16,64,32,42,8192,1000,1006,0,0.293236141204834,0.30865234375,0.9501,0.001953,production_dispatch,65536
d64_b32_h64kv8_q1000_k1007_ns51_tq8192_sw128_sc0_sinks1_bfloat16,torch.bfloat16,64,32,51,8192,1000,1007,128,0.09886832237243652,0.10347160339355468,0.9555,0.007812,production_dispatch,65536
d64_b32_h64kv8_q1000_k1007_ns51_tq8192_sw0_sc0_sinks1_bfloat16,torch.bfloat16,64,32,51,8192,1000,1007,0,0.29223615646362305,0.3104235649108887,0.9414,0.001953,production_dispatch,65536
d64_b32_h64kv8_q1000_k1008_ns59_tq8192_sw128_sc0_sinks1_bfloat16,torch.bfloat16,64,32,59,8192,1000,1008,128,0.10215078353881836,0.10655482292175293,0.9587,0.007812,production_dispatch,65536
d64_b32_h64kv8_q1000_k1008_ns59_tq8192_sw0_sc0_sinks1_bfloat16,torch.bfloat16,64,32,59,8192,1000,1008,0,0.2993666458129883,0.31584842681884767,0.9478,0.000977,production_dispatch,65536
d64_b32_h64kv8_q1000_k1009_ns64_tq5890_sw128_sc0_sinks1_bfloat16,torch.bfloat16,64,32,64,5890,1000,1009,128,0.07986492156982422,0.07990171909332275,0.9995,0.007812,production_dispatch,65536
d64_b32_h64kv8_q1000_k1009_ns64_tq5890_sw0_sc0_sinks1_bfloat16,torch.bfloat16,64,32,64,5890,1000,1009,0,0.23650510787963866,0.23720752716064453,0.997,0.000977,production_dispatch,65536
d64_b32_h64kv8_q1000_k1000_ns2_tq2000_sw128_sc0_sinks1_bfloat16,torch.bfloat16,64,32,2,2000,1000,1000,128,0.029705939292907716,0.025980300903320312,1.1434,0.007812,production_dispatch,65536
d64_b32_h64kv8_q1000_k1000_ns2_tq2000_sw0_sc0_sinks1_bfloat16,torch.bfloat16,64,32,2,2000,1000,1000,0,0.06179910182952881,0.06887038230895996,0.8973,0.001953,production_dispatch,65536
d64_b32_h64kv8_q1000_k1001_ns11_tq8192_sw128_sc0_sinks1_bfloat16,torch.bfloat16,64,32,11,8192,1000,1001,128,0.0991123390197754,0.10524359703063965,0.9417,0.007812,production_dispatch,65536
d64_b32_h64kv8_q1000_k1001_ns11_tq8192_sw0_sc0_sinks1_bfloat16,torch.bfloat16,64,32,11,8192,1000,1001,0,0.21830970764160157,0.24134836196899415,0.9045,0.000977,production_dispatch,65536
d64_b32_h64kv8_q1000_k1009_ns76_tq8192_sw128_sc0_sinks1_bfloat16,torch.bfloat16,64,32,76,8192,1000,1009,128,0.1042747974395752,0.10989246368408204,0.9489,0.007812,production_dispatch,65536
d64_b32_h64kv8_q1000_k1009_ns76_tq8192_sw0_sc0_sinks1_bfloat16,torch.bfloat16,64,32,76,8192,1000,1009,0,0.3192868614196777,0.32285251617431643,0.989,0.003906,production_dispatch,65536
d64_b32_h64kv8_q1000_k1010_ns84_tq8192_sw128_sc0_sinks1_bfloat16,torch.bfloat16,64,32,84,8192,1000,1010,128,0.10649962425231933,0.10962446212768555,0.9715,0.007812,production_dispatch,65536
d64_b32_h64kv8_q1000_k1010_ns84_tq8192_sw0_sc0_sinks1_bfloat16,torch.bfloat16,64,32,84,8192,1000,1010,0,0.3391887283325195,0.3448655700683594,0.9835,0.001953,production_dispatch,65536
d64_b32_h64kv8_q1000_k1011_ns92_tq8192_sw128_sc0_sinks1_bfloat16,torch.bfloat16,64,32,92,8192,1000,1011,128,0.10597962379455567,0.11490692138671875,0.9223,0.007812,production_dispatch,65536
d64_b32_h64kv8_q1000_k1011_ns92_tq8192_sw0_sc0_sinks1_bfloat16,torch.bfloat16,64,32,92,8192,1000,1011,0,0.3366166305541992,0.33236942291259763,1.0128,0.000977,production_dispatch,65536
d64_b32_h64kv8_q1000_k1012_ns100_tq8192_sw128_sc0_sinks1_bfloat16,torch.bfloat16,64,32,100,8192,1000,1012,128,0.111396484375,0.11152768135070801,0.9988,0.007812,production_dispatch,65536
d64_b32_h64kv8_q1000_k1012_ns100_tq8192_sw0_sc0_sinks1_bfloat16,torch.bfloat16,64,32,100,8192,1000,1012,0,0.3599697494506836,0.3532392883300781,1.0191,0.001953,production_dispatch,65536
d64_b32_h64kv8_q1000_k1013_ns108_tq8192_sw128_sc0_sinks1_bfloat16,torch.bfloat16,64,32,108,8192,1000,1013,128,0.10436360359191894,0.11104928016662598,0.9398,0.007812,production_dispatch,65536
d64_b32_h64kv8_q1000_k1013_ns108_tq8192_sw0_sc0_sinks1_bfloat16,torch.bfloat16,64,32,108,8192,1000,1013,0,0.3441991424560547,0.32645496368408206,1.0544,0.001953,production_dispatch,65536
d64_b32_h64kv8_q1000_k1014_ns116_tq8192_sw128_sc0_sinks1_bfloat16,torch.bfloat16,64,32,116,8192,1000,1014,128,0.10738364219665528,0.10708844184875488,1.0028,0.007812,production_dispatch,65536
d64_b32_h64kv8_q1000_k1014_ns116_tq8192_sw0_sc0_sinks1_bfloat16,torch.bfloat16,64,32,116,8192,1000,1014,0,0.37310192108154294,0.35117038726806643,1.0625,0.003906,production_dispatch,65536
d64_b32_h64kv8_q1000_k1015_ns125_tq8192_sw128_sc0_sinks1_bfloat16,torch.bfloat16,64,32,125,8192,1000,1015,128,0.11414772033691406,0.11441729545593261,0.9976,0.007812,production_dispatch,65536
d64_b32_h64kv8_q1000_k1015_ns125_tq8192_sw0_sc0_sinks1_bfloat16,torch.bfloat16,64,32,125,8192,1000,1015,0,0.3991565704345703,0.3704850387573242,1.0774,0.001953,production_dispatch,65536
d64_b32_h64kv8_q1000_k1016_ns133_tq8192_sw128_sc0_sinks1_bfloat16,torch.bfloat16,64,32,133,8192,1000,1016,128,0.10474040031433106,0.1126540756225586,0.9298,0.003906,production_dispatch,65536
d64_b32_h64kv8_q1000_k1016_ns133_tq8192_sw0_sc0_sinks1_bfloat16,torch.bfloat16,64,32,133,8192,1000,1016,0,0.3619633483886719,0.33410865783691407,1.0834,0.003906,production_dispatch,65536
d64_b32_h64kv8_q1000_k1017_ns141_tq8192_sw128_sc0_sinks1_bfloat16,torch.bfloat16,64,32,141,8192,1000,1017,128,0.10444279670715333,0.1099212646484375,0.9502,0.007812,production_dispatch,65536
d64_b32_h64kv8_q1000_k1017_ns141_tq8192_sw0_sc0_sinks1_bfloat16,torch.bfloat16,64,32,141,8192,1000,1017,0,0.3853980255126953,0.3494879913330078,1.1028,0.000977,production_dispatch,65536
d64_b32_h64kv8_q1000_k1018_ns149_tq8192_sw128_sc0_sinks1_bfloat16,torch.bfloat16,64,32,149,8192,1000,1018,128,0.10957566261291504,0.10882523536682129,1.0069,0.007812,production_dispatch,65536
d64_b32_h64kv8_q1000_k1018_ns149_tq8192_sw0_sc0_sinks1_bfloat16,torch.bfloat16,64,32,149,8192,1000,1018,0,0.40410385131835935,0.3614401626586914,1.118,0.003906,production_dispatch,65536
d64_b32_h64kv8_q1000_k1019_ns157_tq8192_sw128_sc0_sinks1_bfloat16,torch.bfloat16,64,32,157,8192,1000,1019,128,0.11357009887695313,0.11021568298339844,1.0304,0.007812,production_dispatch,65536
d64_b32_h64kv8_q1000_k1019_ns157_tq8192_sw0_sc0_sinks1_bfloat16,torch.bfloat16,64,32,157,8192,1000,1019,0,0.42064002990722654,0.37459392547607423,1.1229,0.001953,production_dispatch,65536
d64_b32_h64kv8_q1000_k1020_ns165_tq8192_sw128_sc0_sinks1_bfloat16,torch.bfloat16,64,32,165,8192,1000,1020,128,0.11899738311767578,0.11525733947753906,1.0324,0.007812,production_dispatch,65536
d64_b32_h64kv8_q1000_k1020_ns165_tq8192_sw0_sc0_sinks1_bfloat16,torch.bfloat16,64,32,165,8192,1000,1020,0,0.4445147323608398,0.3883436965942383,1.1446,0.001953,production_dispatch,65536
d64_b32_h64kv8_q1000_k1021_ns173_tq8192_sw128_sc0_sinks1_bfloat16,torch.bfloat16,64,32,173,8192,1000,1021,128,0.11660694122314454,0.11236289978027343,1.0378,0.007812,production_dispatch,65536
d64_b32_h64kv8_q1000_k1021_ns173_tq8192_sw0_sc0_sinks1_bfloat16,torch.bfloat16,64,32,173,8192,1000,1021,0,0.4348746109008789,0.360308952331543,1.2069,0.000977,production_dispatch,65536
d64_b32_h64kv8_q1000_k1022_ns181_tq8192_sw128_sc0_sinks1_bfloat16,torch.bfloat16,64,32,181,8192,1000,1022,128,0.1115436840057373,0.11201807975769043,0.9958,0.007812,production_dispatch,65536
d64_b32_h64kv8_q1000_k1022_ns181_tq8192_sw0_sc0_sinks1_bfloat16,torch.bfloat16,64,32,181,8192,1000,1022,0,0.39914615631103517,0.3526592636108398,1.1318,0.000977,production_dispatch,65536
d64_b32_h64kv8_q1000_k1023_ns189_tq8192_sw128_sc0_sinks1_bfloat16,torch.bfloat16,64,32,189,8192,1000,1023,128,0.11031326293945312,0.1156517219543457,0.9538,0.007812,production_dispatch,65536
d64_b32_h64kv8_q1000_k1023_ns189_tq8192_sw0_sc0_sinks1_bfloat16,torch.bfloat16,64,32,189,8192,1000,1023,0,0.40042781829833984,0.3574688720703125,1.1202,0.000977,production_dispatch,65536
d64_b32_h64kv8_q1000_k1024_ns197_tq8192_sw128_sc0_sinks1_bfloat16,torch.bfloat16,64,32,197,8192,1000,1024,128,0.11156609535217285,0.11802696228027344,0.9453,0.007812,production_dispatch,65536
d64_b32_h64kv8_q1000_k1024_ns197_tq8192_sw0_sc0_sinks1_bfloat16,torch.bfloat16,64,32,197,8192,1000,1024,0,0.41210872650146485,0.36732025146484376,1.1219,0.001953,production_dispatch,65536
d64_b32_h64kv8_q1000_k1025_ns205_tq8192_sw128_sc0_sinks1_bfloat16,torch.bfloat16,64,32,205,8192,1000,1025,128,0.12344861984252929,0.12733588218688965,0.9695,0.007812,production_dispatch,65536
d64_b32_h64kv8_q1000_k1025_ns205_tq8192_sw0_sc0_sinks1_bfloat16,torch.bfloat16,64,32,205,8192,1000,1025,0,0.42465446472167967,0.37983394622802735,1.118,0.001953,production_dispatch,65536
d64_b32_h64kv8_q1000_k1026_ns213_tq8192_sw128_sc0_sinks1_bfloat16,torch.bfloat16,64,32,213,8192,1000,1026,128,0.12828705787658692,0.11585251808166504,1.1073,0.007812,production_dispatch,65536
d64_b32_h64kv8_q1000_k1026_ns213_tq8192_sw0_sc0_sinks1_bfloat16,torch.bfloat16,64,32,213,8192,1000,1026,0,0.4443667221069336,0.39234046936035155,1.1326,0.000977,production_dispatch,65536
d64_b32_h64kv8_q1000_k1027_ns221_tq8192_sw128_sc0_sinks1_bfloat16,torch.bfloat16,64,32,221,8192,1000,1027,128,0.1306095027923584,0.11792373657226562,1.1076,0.007812,production_dispatch,65536
d64_b32_h64kv8_q1000_k1027_ns221_tq8192_sw0_sc0_sinks1_bfloat16,torch.bfloat16,64,32,221,8192,1000,1027,0,0.46072608947753907,0.4033214569091797,1.1423,0.000977,production_dispatch,65536
d64_b32_h64kv8_q1000_k1028_ns229_tq8192_sw128_sc0_sinks1_bfloat16,torch.bfloat16,64,32,229,8192,1000,1028,128,0.1251686382293701,0.11293330192565917,1.1083,0.007812,production_dispatch,65536
d64_b32_h64kv8_q1000_k1028_ns229_tq8192_sw0_sc0_sinks1_bfloat16,torch.bfloat16,64,32,229,8192,1000,1028,0,0.47408145904541016,0.41310794830322267,1.1476,0.001953,production_dispatch,65536
d64_b32_h64kv8_q1000_k1029_ns237_tq8192_sw128_sc0_sinks1_bfloat16,torch.bfloat16,64,32,237,8192,1000,1029,128,0.13367433547973634,0.12158060073852539,1.0995,0.007812,production_dispatch,65536
d64_b32_h64kv8_q1000_k1029_ns237_tq8192_sw0_sc0_sinks1_bfloat16,torch.bfloat16,64,32,237,8192,1000,1029,0,0.4927608871459961,0.4286489486694336,1.1496,0.000977,production_dispatch,65536
d64_b32_h64kv8_q1000_k1030_ns245_tq8192_sw128_sc0_sinks1_bfloat16,torch.bfloat16,64,32,245,8192,1000,1030,128,0.13408636093139648,0.12143980026245117,1.1041,0.007812,production_dispatch,65536
d64_b32_h64kv8_q1000_k1030_ns245_tq8192_sw0_sc0_sinks1_bfloat16,torch.bfloat16,64,32,245,8192,1000,1030,0,0.5086402511596679,0.4373882293701172,1.1629,0.000977,production_dispatch,65536
d64_b32_h64kv8_q1000_k1031_ns253_tq8192_sw128_sc0_sinks1_bfloat16,torch.bfloat16,64,32,253,8192,1000,1031,128,0.11675496101379394,0.11085165977478027,1.0533,0.007812,production_dispatch,65536
d64_b32_h64kv8_q1000_k1031_ns253_tq8192_sw0_sc0_sinks1_bfloat16,torch.bfloat16,64,32,253,8192,1000,1031,0,0.42508808135986326,0.3768235015869141,1.1281,0.001953,production_dispatch,65536
d64_b32_h64kv8_q1000_k1032_ns261_tq8192_sw128_sc0_sinks1_bfloat16,torch.bfloat16,64,32,261,8192,1000,1032,128,0.11528451919555664,0.11693014144897461,0.9859,0.007812,production_dispatch,65536
d64_b32_h64kv8_q1000_k1032_ns261_tq8192_sw0_sc0_sinks1_bfloat16,torch.bfloat16,64,32,261,8192,1000,1032,0,0.3960629653930664,0.3582977294921875,1.1054,0.001953,production_dispatch,65536
d64_b32_h64kv8_q1000_k1033_ns269_tq8192_sw128_sc0_sinks1_bfloat16,torch.bfloat16,64,32,269,8192,1000,1033,128,0.12014298439025879,0.11526211738586425,1.0423,0.003906,production_dispatch,65536
d64_b32_h64kv8_q1000_k1033_ns269_tq8192_sw0_sc0_sinks1_bfloat16,torch.bfloat16,64,32,269,8192,1000,1033,0,0.4051862335205078,0.363359375,1.1151,0.000977,production_dispatch,65536
d64_b32_h64kv8_q1000_k1034_ns276_tq8192_sw128_sc0_sinks1_bfloat16,torch.bfloat16,64,32,276,8192,1000,1034,128,0.12405021667480469,0.12050140380859375,1.0295,0.007812,production_dispatch,65536
d64_b32_h64kv8_q1000_k1034_ns276_tq8192_sw0_sc0_sinks1_bfloat16,torch.bfloat16,64,32,276,8192,1000,1034,0,0.40954952239990233,0.3672186279296875,1.1153,0.000977,production_dispatch,65536
d64_b32_h64kv8_q1000_k1035_ns284_tq8192_sw128_sc0_sinks1_bfloat16,torch.bfloat16,64,32,284,8192,1000,1035,128,0.12178219795227051,0.12244141578674317,0.9946,0.007812,production_dispatch,65536
d64_b32_h64kv8_q1000_k1035_ns284_tq8192_sw0_sc0_sinks1_bfloat16,torch.bfloat16,64,32,284,8192,1000,1035,0,0.4202272415161133,0.3756467056274414,1.1187,0.000977,production_dispatch,65536
d64_b32_h64kv8_q1000_k1036_ns292_tq8192_sw128_sc0_sinks1_bfloat16,torch.bfloat16,64,32,292,8192,1000,1036,128,0.11499651908874511,0.11874538421630859,0.9684,0.007812,production_dispatch,65536
d64_b32_h64kv8_q1000_k1036_ns292_tq8192_sw0_sc0_sinks1_bfloat16,torch.bfloat16,64,32,292,8192,1000,1036,0,0.43498184204101564,0.3796051788330078,1.1459,0.001953,production_dispatch,65536
d64_b32_h64kv8_q1000_k1037_ns300_tq8192_sw128_sc0_sinks1_bfloat16,torch.bfloat16,64,32,300,8192,1000,1037,128,0.13982879638671875,0.12522944450378418,1.1166,0.007812,production_dispatch,65536
d64_b32_h64kv8_q1000_k1037_ns300_tq8192_sw0_sc0_sinks1_bfloat16,torch.bfloat16,64,32,300,8192,1000,1037,0,0.507254638671875,0.400059814453125,1.2679,0.001953,production_dispatch,65536
d64_b32_h64kv8_q1000_k1038_ns308_tq8192_sw128_sc0_sinks1_bfloat16,torch.bfloat16,64,32,308,8192,1000,1038,128,0.1375087833404541,0.12732305526733398,1.08,0.007812,production_dispatch,65536
d64_b32_h64kv8_q1000_k1038_ns308_tq8192_sw0_sc0_sinks1_bfloat16,torch.bfloat16,64,32,308,8192,1000,1038,0,0.4953328704833984,0.41058712005615233,1.2064,0.001953,production_dispatch,65536
d64_b32_h64kv8_q1000_k1039_ns316_tq8192_sw128_sc0_sinks1_bfloat16,torch.bfloat16,64,32,316,8192,1000,1039,128,0.133025541305542,0.12831427574157714,1.0367,0.007812,production_dispatch,65536
d64_b32_h64kv8_q1000_k1039_ns316_tq8192_sw0_sc0_sinks1_bfloat16,torch.bfloat16,64,32,316,8192,1000,1039,0,0.461958122253418,0.4110719299316406,1.1238,0.001953,production_dispatch,65536
d64_b32_h64kv8_q1000_k1040_ns324_tq8192_sw128_sc0_sinks1_bfloat16,torch.bfloat16,64,32,324,8192,1000,1040,128,0.13663838386535646,0.12720385551452637,1.0742,0.003906,production_dispatch,65536
d64_b32_h64kv8_q1000_k1040_ns324_tq8192_sw0_sc0_sinks1_bfloat16,torch.bfloat16,64,32,324,8192,1000,1040,0,0.48359840393066406,0.41934005737304686,1.1532,0.003906,production_dispatch,65536
d64_b32_h64kv8_q1000_k1041_ns332_tq8192_sw128_sc0_sinks1_bfloat16,torch.bfloat16,64,32,332,8192,1000,1041,128,0.1352751636505127,0.13189592361450195,1.0256,0.007812,production_dispatch,65536
d64_b32_h64kv8_q1000_k1041_ns332_tq8192_sw0_sc0_sinks1_bfloat16,torch.bfloat16,64,32,332,8192,1000,1041,0,0.4888496398925781,0.4215616989135742,1.1596,0.001953,production_dispatch,65536
d64_b32_h64kv8_q1000_k1042_ns340_tq8192_sw128_sc0_sinks1_bfloat16,torch.bfloat16,64,32,340,8192,1000,1042,128,0.1382528018951416,0.14162402153015136,0.9762,0.007812,production_dispatch,65536
d64_b32_h64kv8_q1000_k1042_ns340_tq8192_sw0_sc0_sinks1_bfloat16,torch.bfloat16,64,32,340,8192,1000,1042,0,0.49247447967529295,0.4285753631591797,1.1491,0.001953,production_dispatch,65536
d64_b32_h64kv8_q1000_k1043_ns347_tq8192_sw128_sc0_sinks1_bfloat16,torch.bfloat16,64,32,347,8192,1000,1043,128,0.14054083824157715,0.1307423210144043,1.0749,0.007812,production_dispatch,65536
d64_b32_h64kv8_q1000_k1043_ns347_tq8192_sw0_sc0_sinks1_bfloat16,torch.bfloat16,64,32,347,8192,1000,1043,0,0.5017121505737304,0.4368642425537109,1.1484,0.000977,production_dispatch,65536
d64_b32_h64kv8_q1000_k1044_ns355_tq8192_sw128_sc0_sinks1_bfloat16,torch.bfloat16,64,32,355,8192,1000,1044,128,0.1431264591217041,0.12091498374938965,1.1837,0.007812,production_dispatch,65536
d64_b32_h64kv8_q1000_k1044_ns355_tq8192_sw0_sc0_sinks1_bfloat16,torch.bfloat16,64,32,355,8192,1000,1044,0,0.5139715194702148,0.44743473052978516,1.1487,0.001953,production_dispatch,65536
d64_b32_h64kv8_q1000_k1045_ns363_tq8192_sw128_sc0_sinks1_bfloat16,torch.bfloat16,64,32,363,8192,1000,1045,128,0.13792240142822265,0.11882535934448242,1.1607,0.007812,production_dispatch,65536
d64_b32_h64kv8_q1000_k1045_ns363_tq8192_sw0_sc0_sinks1_bfloat16,torch.bfloat16,64,32,363,8192,1000,1045,0,0.5305980682373047,0.45587169647216796,1.1639,0.000977,production_dispatch,65536
d64_b32_h64kv8_q1000_k1046_ns371_tq8192_sw128_sc0_sinks1_bfloat16,torch.bfloat16,64,32,371,8192,1000,1046,128,0.13259034156799315,0.1167133617401123,1.136,0.003906,production_dispatch,65536
d64_b32_h64kv8_q1000_k1046_ns371_tq8192_sw0_sc0_sinks1_bfloat16,torch.bfloat16,64,32,371,8192,1000,1046,0,0.5323053741455078,0.4621165466308594,1.1519,0.001953,production_dispatch,65536
d64_b32_h64kv8_q1000_k1047_ns379_tq8192_sw128_sc0_sinks1_bfloat16,torch.bfloat16,64,32,379,8192,1000,1047,128,0.13333353996276856,0.11830776214599609,1.127,0.007812,production_dispatch,65536
d64_b32_h64kv8_q1000_k1047_ns379_tq8192_sw0_sc0_sinks1_bfloat16,torch.bfloat16,64,32,379,8192,1000,1047,0,0.5409278488159179,0.4639525604248047,1.1659,0.001953,production_dispatch,65536
d64_b32_h64kv8_q1000_k1048_ns387_tq8192_sw128_sc0_sinks1_bfloat16,torch.bfloat16,64,32,387,8192,1000,1048,128,0.13670557975769043,0.12080619812011718,1.1316,0.007812,production_dispatch,65536
d64_b32_h64kv8_q1000_k1048_ns387_tq8192_sw0_sc0_sinks1_bfloat16,torch.bfloat16,64,32,387,8192,1000,1048,0,0.5544760131835937,0.4755470657348633,1.166,0.001953,production_dispatch,65536
d64_b32_h64kv8_q1000_k1049_ns394_tq8192_sw128_sc0_sinks1_bfloat16,torch.bfloat16,64,32,394,8192,1000,1049,128,0.14216803550720214,0.1170069408416748,1.215,0.007812,production_dispatch,65536
d64_b32_h64kv8_q1000_k1049_ns394_tq8192_sw0_sc0_sinks1_bfloat16,torch.bfloat16,64,32,394,8192,1000,1049,0,0.5669785690307617,0.4780735015869141,1.186,0.001953,production_dispatch,65536
d64_b32_h64kv8_q1000_k1050_ns402_tq8192_sw128_sc0_sinks1_bfloat16,torch.bfloat16,64,32,402,8192,1000,1050,128,0.1449296760559082,0.12105660438537598,1.1972,0.007812,production_dispatch,65536
d64_b32_h64kv8_q1000_k1050_ns402_tq8192_sw0_sc0_sinks1_bfloat16,torch.bfloat16,64,32,402,8192,1000,1050,0,0.5721746063232422,0.4901560211181641,1.1673,0.001953,production_dispatch,65536
d64_b32_h64kv8_q1000_k1051_ns410_tq8192_sw128_sc0_sinks1_bfloat16,torch.bfloat16,64,32,410,8192,1000,1051,128,0.14414166450500487,0.12096940040588379,1.1916,0.007812,production_dispatch,65536
d64_b32_h64kv8_q1000_k1051_ns410_tq8192_sw0_sc0_sinks1_bfloat16,torch.bfloat16,64,32,410,8192,1000,1051,0,0.5777058410644531,0.4854191970825195,1.1901,0.000977,production_dispatch,65536
d64_b32_h64kv8_q1000_k1052_ns418_tq8192_sw128_sc0_sinks1_bfloat16,torch.bfloat16,64,32,418,8192,1000,1052,128,0.1451680564880371,0.12353342056274413,1.1751,0.007812,production_dispatch,65536
d64_b32_h64kv8_q1000_k1052_ns418_tq8192_sw0_sc0_sinks1_bfloat16,torch.bfloat16,64,32,418,8192,1000,1052,0,0.5942244720458985,0.49690975189208986,1.1958,0.000977,production_dispatch,65536
d64_b32_h64kv8_q1000_k1053_ns425_tq8192_sw128_sc0_sinks1_bfloat16,torch.bfloat16,64,32,425,8192,1000,1053,128,0.14791372299194336,0.12505104064941405,1.1828,0.007812,production_dispatch,65536
d64_b32_h64kv8_q1000_k1053_ns425_tq8192_sw0_sc0_sinks1_bfloat16,torch.bfloat16,64,32,425,8192,1000,1053,0,0.5975124740600586,0.505838623046875,1.1812,0.001953,production_dispatch,65536
d64_b32_h64kv8_q1000_k1054_ns433_tq8192_sw128_sc0_sinks1_bfloat16,torch.bfloat16,64,32,433,8192,1000,1054,128,0.1515865421295166,0.12527024269104003,1.2101,0.007812,production_dispatch,65536
d64_b32_h64kv8_q1000_k1054_ns433_tq8192_sw0_sc0_sinks1_bfloat16,torch.bfloat16,64,32,433,8192,1000,1054,0,0.6101342391967773,0.512470703125,1.1906,0.000977,production_dispatch,65536
d64_b32_h64kv8_q1000_k1055_ns441_tq8192_sw128_sc0_sinks1_bfloat16,torch.bfloat16,64,32,441,8192,1000,1055,128,0.15539779663085937,0.12737666130065917,1.22,0.007812,production_dispatch,65536
d64_b32_h64kv8_q1000_k1055_ns441_tq8192_sw0_sc0_sinks1_bfloat16,torch.bfloat16,64,32,441,8192,1000,1055,0,0.623985595703125,0.5254548645019531,1.1875,0.000977,production_dispatch,65536
d64_b32_h64kv8_q1000_k1056_ns449_tq8192_sw128_sc0_sinks1_bfloat16,torch.bfloat16,64,32,449,8192,1000,1056,128,0.15596019744873046,0.1277046585083008,1.2213,0.007812,production_dispatch,65536
d64_b32_h64kv8_q1000_k1056_ns449_tq8192_sw0_sc0_sinks1_bfloat16,torch.bfloat16,64,32,449,8192,1000,1056,0,0.628895263671875,0.5315349197387695,1.1832,0.003906,production_dispatch,65536
d64_b32_h64kv8_q1000_k1057_ns457_tq8192_sw128_sc0_sinks1_bfloat16,torch.bfloat16,64,32,457,8192,1000,1057,128,0.15647221565246583,0.13553835868835448,1.1544,0.007812,production_dispatch,65536
d64_b32_h64kv8_q1000_k1057_ns457_tq8192_sw0_sc0_sinks1_bfloat16,torch.bfloat16,64,32,457,8192,1000,1057,0,0.6400881958007812,0.539695053100586,1.186,0.001953,production_dispatch,65536
d64_b32_h64kv8_q1000_k1058_ns464_tq8192_sw128_sc0_sinks1_bfloat16,torch.bfloat16,64,32,464,8192,1000,1058,128,0.160773868560791,0.14061521530151366,1.1434,0.007812,production_dispatch,65536
d64_b32_h64kv8_q1000_k1058_ns464_tq8192_sw0_sc0_sinks1_bfloat16,torch.bfloat16,64,32,464,8192,1000,1058,0,0.6475058746337891,0.5457926940917969,1.1864,0.000977,production_dispatch,65536
d64_b32_h64kv8_q1000_k1059_ns472_tq8192_sw128_sc0_sinks1_bfloat16,torch.bfloat16,64,32,472,8192,1000,1059,128,0.16284988403320313,0.14802169799804688,1.1002,0.003906,production_dispatch,65536
d64_b32_h64kv8_q1000_k1059_ns472_tq8192_sw0_sc0_sinks1_bfloat16,torch.bfloat16,64,32,472,8192,1000,1059,0,0.6553059387207031,0.5483503341674805,1.195,0.000977,production_dispatch,65536
d64_b32_h64kv8_q1000_k1060_ns480_tq8192_sw128_sc0_sinks1_bfloat16,torch.bfloat16,64,32,480,8192,1000,1060,128,0.1648954963684082,0.14918891906738282,1.1053,0.003906,production_dispatch,65536
d64_b32_h64kv8_q1000_k1060_ns480_tq8192_sw0_sc0_sinks1_bfloat16,torch.bfloat16,64,32,480,8192,1000,1060,0,0.665477294921875,0.5550775909423828,1.1989,0.000977,production_dispatch,65536
d64_b32_h64kv8_q1000_k1061_ns487_tq8192_sw128_sc0_sinks1_bfloat16,torch.bfloat16,64,32,487,8192,1000,1061,128,0.16740034103393556,0.13972002029418945,1.1981,0.007812,production_dispatch,65536
d64_b32_h64kv8_q1000_k1061_ns487_tq8192_sw0_sc0_sinks1_bfloat16,torch.bfloat16,64,32,487,8192,1000,1061,0,0.674430923461914,0.5442398452758789,1.2392,0.000977,production_dispatch,65536
d64_b32_h64kv8_q1000_k1062_ns495_tq8192_sw128_sc0_sinks1_bfloat16,torch.bfloat16,64,32,495,8192,1000,1062,128,0.1736035919189453,0.13360393524169922,1.2994,0.007812,production_dispatch,65536
d64_b32_h64kv8_q1000_k1062_ns495_tq8192_sw0_sc0_sinks1_bfloat16,torch.bfloat16,64,32,495,8192,1000,1062,0,0.6942144012451172,0.5418734359741211,1.2811,0.000977,production_dispatch,65536
d64_b32_h64kv8_q1000_k1063_ns503_tq8192_sw128_sc0_sinks1_bfloat16,torch.bfloat16,64,32,503,8192,1000,1063,128,0.17661563873291017,0.12331742286682129,1.4322,0.007812,production_dispatch,65536
d64_b32_h64kv8_q1000_k1063_ns503_tq8192_sw0_sc0_sinks1_bfloat16,torch.bfloat16,64,32,503,8192,1000,1063,0,0.7126602172851563,0.5346781539916993,1.3329,0.001953,production_dispatch,65536
d64_b32_h64kv8_q1000_k1064_ns511_tq8192_sw128_sc0_sinks1_bfloat16,torch.bfloat16,64,32,511,8192,1000,1064,128,0.18198209762573242,0.11664775848388671,1.5601,0.007812,production_dispatch,65536
d64_b32_h64kv8_q1000_k1064_ns511_tq8192_sw0_sc0_sinks1_bfloat16,torch.bfloat16,64,32,511,8192,1000,1064,0,0.7274796295166016,0.5309077072143554,1.3703,0.003906,production_dispatch,65536
d64_b32_h64kv8_q1000_k1065_ns512_tq2499_sw128_sc0_sinks1_bfloat16,torch.bfloat16,64,32,512,2499,1000,1065,128,0.08126974105834961,0.051591801643371585,1.5752,0.007812,production_dispatch,65536
d64_b32_h64kv8_q1000_k1065_ns512_tq2499_sw0_sc0_sinks1_bfloat16,torch.bfloat16,64,32,512,2499,1000,1065,0,0.30620832443237306,0.2529389190673828,1.2106,0.000977,production_dispatch,65536
d64_b32_h64kv8_q1000_k1099_ns496_tq2494_sw128_sc0_sinks1_bfloat16,torch.bfloat16,64,32,496,2494,1000,1099,128,0.08205375671386719,0.05008537769317627,1.6383,0.007812,production_dispatch,65536
d64_b32_h64kv8_q1000_k1099_ns496_tq2494_sw0_sc0_sinks1_bfloat16,torch.bfloat16,64,32,496,2494,1000,1099,0,0.3170004463195801,0.25885417938232425,1.2246,0.000977,production_dispatch,65536
d64_b32_h64kv8_q1000_k1099_ns496_tq8192_sw128_sc0_sinks1_bfloat16,torch.bfloat16,64,32,496,8192,1000,1099,128,0.21158004760742188,0.12526304244995118,1.6891,0.007812,production_dispatch,65536
d64_b32_h64kv8_q1000_k1099_ns496_tq8192_sw0_sc0_sinks1_bfloat16,torch.bfloat16,64,32,496,8192,1000,1099,0,0.7305803680419922,0.5257324981689453,1.3896,0.000977,production_dispatch,65536
d64_b32_h64kv8_q351_k1099_ns485_tq835_sw128_sc0_sinks1_bfloat16,torch.bfloat16,64,32,485,835,351,1099,128,0.06519676208496093,0.037662839889526366,1.7311,0.003906,production_dispatch,65536
d64_b32_h64kv8_q351_k1099_ns485_tq835_sw0_sc0_sinks1_bfloat16,torch.bfloat16,64,32,485,835,351,1099,0,0.3040106964111328,0.2442588233947754,1.2446,0.000488,production_dispatch,65536
