name,avg_time_ms,tflops,gbs,instance
M00_g1_n42_c128_H120_W160_k10_y1,0.177257,11.6463,1255.63,"DeviceGroupedConvBwdWeightTwoStage_Wmma_CShuffleV3<32; 16; 16; 32; Default; 8; 1; 1; 1; 4; 1; 4; 1; 1; 1; BlkGemmPipelineScheduler: Intrawave; BlkGemmPipelineVersion: v1; 1> (instance 1)"
M01_g1_n42_c128_H120_W160_k128_y3,0.409997,580.045,1007.74,"DeviceGroupedConvBwdWeight_Wmma_CShuffleV3<512; 128; 256; 256; Default; 8; 4; 2; 8; 8; 8; 8; 1; 1; 8; 1; 1> (instance 18)"
M02_g1_n42_c128_H30_W40_k128_y1,0.0296661,55.6698,870.945,"DeviceGroupedConvBwdWeight_Xdl_CShuffleV3_WmmaPorted<512; 64; 64; 512; Default; 16; 1; 1; 8; 8; 8; 8; 1; 1; 8> (instance 0)"
M03_g1_n42_c128_H30_W40_k128_y3,0.0615611,241.444,423.964,"DeviceGroupedConvBwdWeight_Xdl_CShuffleV3_WmmaPorted<512; 64; 64; 512; Default; 16; 1; 1; 8; 8; 8; 8; 1; 1; 8> (instance 0)"
M04_g1_n42_c128_H30_W40_k512_y1,0.0606302,108.956,1066.19,"DeviceGroupedConvBwdWeight_Xdl_CShuffleV3_WmmaPorted<512; 64; 64; 512; Default; 16; 1; 1; 8; 8; 8; 8; 1; 1; 8> (instance 0)"
M05_g1_n42_c16_H1_W1_k256_y1,0.0133344,0.0258027,2.32781,"DeviceGroupedConvBwdWeight_Xdl_CShuffleV3_WmmaPorted<512; 64; 64; 512; Default; 16; 1; 1; 8; 8; 8; 8; 1; 1; 8> (instance 0)"
M06_g192_n42_c192_H120_W160_k192_y3,2.08038,0.334905,186.06,"DeviceGroupedConvBwdWeightTwoStage_Wmma_CShuffleV3<32; 16; 16; 32; Default; 8; 1; 1; 1; 4; 1; 4; 1; 1; 1; BlkGemmPipelineScheduler: Intrawave; BlkGemmPipelineVersion: v1; 1> (instance 0)"
M07_g1_n42_c192_H120_W160_k48_y1,0.0952238,156.091,4065.06,"DeviceGroupedConvBwdWeight_Xdl_CShuffleV3_WmmaPorted<512; 64; 64; 512; Default; 16; 1; 1; 8; 8; 8; 8; 1; 1; 8> (instance 0)"
M08_g1_n42_c192_H60_W80_k64_y1,0.0441534,112.212,2338.3,"DeviceGroupedConvBwdWeight_Xdl_CShuffleV3_WmmaPorted<512; 64; 64; 512; Default; 16; 1; 1; 8; 8; 8; 8; 1; 1; 8> (instance 0)"
M09_g1_n42_c24_H240_W320_k128_y1,0.193726,102.3,5061.74,"DeviceGroupedConvBwdWeight_Xdl_CShuffleV3_WmmaPorted<512; 64; 64; 512; Default; 16; 1; 1; 8; 8; 8; 8; 1; 1; 8> (instance 0)"
M10_g1_n42_c24_H240_W320_k24_y3,0.248132,134.779,1248,"DeviceGroupedConvBwdWeight_Xdl_CShuffleV3_WmmaPorted<512; 64; 64; 512; Default; 16; 1; 1; 8; 8; 8; 8; 1; 1; 8> (instance 0)"
M11_g1_n42_c24_H240_W320_k96_y3,0.17439,191.772,1775.9,"DeviceGroupedConvBwdWeight_Xdl_CShuffleV3_WmmaPorted<512; 64; 64; 512; Default; 16; 1; 1; 8; 8; 8; 8; 1; 1; 8> (instance 0)"
M12_g1_n42_c256_H1_W1_k16_y1,0.0124555,0.0276235,2.49208,"DeviceGroupedConvBwdWeight_Xdl_CShuffleV3_WmmaPorted<512; 64; 64; 512; Default; 16; 1; 1; 8; 8; 8; 8; 1; 1; 8> (instance 0)"
M13_g1_n42_c256_H30_W40_k128_y1,0.0387814,85.1702,999.778,"DeviceGroupedConvBwdWeight_Xdl_CShuffleV3_WmmaPorted<512; 64; 64; 512; Default; 16; 1; 1; 8; 8; 8; 8; 1; 1; 8> (instance 0)"
M14_g256_n42_c256_H60_W80_k256_y3,2.32166,0.400134,88.9206,"DeviceGroupedConvBwdWeightTwoStage_Wmma_CShuffleV3<32; 16; 16; 32; Default; 8; 1; 1; 1; 4; 1; 4; 1; 1; 1; BlkGemmPipelineScheduler: Intrawave; BlkGemmPipelineVersion: v1; 1> (instance 0)"
M15_g256_n42_c256_H60_W80_k256_y3,0.562086,0.413181,229.553,"DeviceGroupedConvBwdWeightTwoStage_Wmma_CShuffleV3<32; 16; 16; 32; Default; 8; 1; 1; 1; 4; 1; 4; 1; 1; 1; BlkGemmPipelineScheduler: Intrawave; BlkGemmPipelineVersion: v1; 1> (instance 0)"
M16_g1_n42_c256_H60_W80_k64_y1,0.0501364,131.761,2574.11,"DeviceGroupedConvBwdWeight_Xdl_CShuffleV3_WmmaPorted<512; 64; 64; 512; Default; 16; 1; 1; 8; 8; 8; 8; 1; 1; 8> (instance 0)"
M17_g1_n42_c32_H1_W1_k512_y1,0.0129074,0.106626,6.07901,"DeviceGroupedConvBwdWeight_Xdl_CShuffleV3_WmmaPorted<512; 64; 64; 512; Default; 16; 1; 1; 8; 8; 8; 8; 1; 1; 8> (instance 0)"
M18_g1_n42_c3_H480_W640_k24_y3,0.410593,10.1813,565.632,"DeviceGroupedConvBwdWeightTwoStage_Wmma_CShuffleV3<32; 16; 16; 32; Default; 8; 1; 1; 1; 4; 1; 4; 1; 1; 1; BlkGemmPipelineScheduler: Intrawave; BlkGemmPipelineVersion: v1; 1> (instance 0)"
M19_g3_n42_c3_H480_W640_k3_y11,4.1414,2.26183,37.3858,"DeviceGroupedConvBwdWeightTwoStage_Wmma_CShuffleV3<32; 16; 16; 32; Default; 8; 1; 1; 1; 4; 1; 4; 1; 1; 1; BlkGemmPipelineScheduler: Intrawave; BlkGemmPipelineVersion: v1; 1> (instance 0)"
M20_g1_n42_c48_H120_W160_k128_y1,0.0702053,141.144,4043.36,"DeviceGroupedConvBwdWeight_Xdl_CShuffleV3_WmmaPorted<512; 64; 64; 512; Default; 16; 1; 1; 8; 8; 8; 8; 1; 1; 8> (instance 0)"
M21_g1_n42_c48_H120_W160_k192_y1,0.0948799,156.657,4079.79,"DeviceGroupedConvBwdWeight_Xdl_CShuffleV3_WmmaPorted<512; 64; 64; 512; Default; 16; 1; 1; 8; 8; 8; 8; 1; 1; 8> (instance 0)"
M22_g1_n42_c48_H120_W160_k192_y3,0.362244,369.287,1069,"DeviceGroupedConvBwdWeight_Wmma_CShuffleV3<128; 64; 64; 128; Default; 8; 4; 1; 8; 8; 8; 8; 1; 1; 8; 1; 1> (instance 16)"
M23_g1_n42_c512_H1_W1_k32_y1,0.0119195,0.115463,6.58283,"DeviceGroupedConvBwdWeight_Xdl_CShuffleV3_WmmaPorted<256; 64; 64; 256; Default; 16; 1; 2; 8; 8; 8; 8; 1; 1; 8> (instance 1)"
M24_g1_n42_c512_H30_W40_k128_y1,0.0577098,114.47,1120.14,"DeviceGroupedConvBwdWeight_Xdl_CShuffleV3_WmmaPorted<512; 64; 64; 512; Default; 16; 1; 1; 8; 8; 8; 8; 1; 1; 8> (instance 0)"
M25_g512_n42_c512_H30_W40_k512_y3,1.28725,0.360836,80.1929,"DeviceGroupedConvBwdWeightTwoStage_Wmma_CShuffleV3<32; 16; 16; 32; Default; 8; 1; 1; 1; 4; 1; 4; 1; 1; 1; BlkGemmPipelineScheduler: Intrawave; BlkGemmPipelineVersion: v1; 1> (instance 0)"
M26_g1_n42_c64_H60_W80_k128_y1,0.0436399,75.688,1774.31,"DeviceGroupedConvBwdWeight_Xdl_CShuffleV3_WmmaPorted<512; 64; 64; 512; Default; 16; 1; 1; 8; 8; 8; 8; 1; 1; 8> (instance 0)"
M27_g1_n42_c64_H60_W80_k256_y1,0.0489709,134.897,2635.38,"DeviceGroupedConvBwdWeight_Xdl_CShuffleV3_WmmaPorted<512; 64; 64; 512; Default; 16; 1; 1; 8; 8; 8; 8; 1; 1; 8> (instance 0)"
M28_g1_n42_c96_H120_W160_k48_y1,0.0762632,97.4491,3045.41,"DeviceGroupedConvBwdWeight_Xdl_CShuffleV3_WmmaPorted<512; 64; 64; 512; Default; 16; 1; 1; 8; 8; 8; 8; 1; 1; 8> (instance 0)"
